mutation,bind_avg,expr_avg
N331A,-0.03,-0.11
N331C,-0.09,-1.26
N331D,0.03,-0.44
N331E,0,-0.31
N331F,-0.1,-0.7
N331G,-0.04,-0.25
N331H,-0.02,-0.61
N331I,-0.07,-0.85
N331K,-0.01,-0.2
N331L,-0.05,-0.75
N331M,-0.02,-0.75
N331N,0,0
N331P,-0.03,-0.21
N331Q,0.01,-0.53
N331R,-0.02,-0.44
N331S,-0.03,-0.33
N331T,0.06,-0.34
N331V,-0.04,-0.61
N331W,-0.16,-1.12
N331Y,-0.06,-1.02
I332A,0,0
I332C,-0.09,-0.12
I332D,-0.02,0.03
I332E,0.08,0.01
I332F,-0.22,-0.1
I332G,-0.08,0.14
I332H,0.04,0.05
I332I,0,0
I332K,-0.05,-0.06
I332L,0,-0.03
I332M,0,-0.02
I332N,0,0.05
I332P,0.06,-0.17
I332Q,-0.02,0.07
I332R,0,-0.04
I332S,-0.04,-0.03
I332T,-0.03,-0.04
I332V,0,0.02
I332W,-0.03,-0.33
I332Y,-0.03,-0.07
T333A,-0.01,-0.37
T333C,-0.14,-0.93
T333D,-0.01,-0.27
T333E,-0.15,-0.31
T333F,-0.15,-0.89
T333G,-0.07,-0.41
T333H,-0.07,-0.29
T333I,-0.06,-1.03
T333K,-0.01,-0.2
T333L,-0.01,-0.55
T333M,-0.02,-0.47
T333N,-0.06,-0.35
T333P,0.03,-0.28
T333Q,0.02,-0.35
T333R,0,-0.54
T333S,-0.08,-0.04
T333T,0,0
T333V,-0.05,-0.56
T333W,-0.21,-0.63
T333Y,-0.07,-0.62
N334A,-0.03,-0.12
N334C,-0.11,-0.57
N334D,0.07,-0.04
N334E,0.01,-0.05
N334F,-0.22,-0.97
N334G,-0.03,-0.21
N334H,-0.02,-0.12
N334I,-0.2,-0.67
N334K,-0.03,-0.02
N334L,-0.2,-0.72
N334M,-0.05,-0.4
N334N,0,0
N334P,-0.18,-0.55
N334Q,0.01,-0.08
N334R,0,-0.12
N334S,-0.06,-0.19
N334T,-0.04,-0.02
N334V,-0.07,-0.47
N334W,-0.24,-1.01
N334Y,-0.09,-0.61
L335A,0.04,-0.01
L335C,-0.11,-0.38
L335D,0,-0.09
L335E,0.06,0.11
L335F,-0.03,-0.16
L335G,-0.08,-0.16
L335H,-0.03,-0.1
L335I,-0.02,-0.16
L335K,-0.03,0.02
L335L,0,0
L335M,0.01,-0.15
L335N,0.03,-0.08
L335P,0.06,0.09
L335Q,-0.02,-0.05
L335R,-0.01,-0.14
L335S,0.01,-0.08
L335T,0.02,-0.08
L335V,-0.08,-0.1
L335W,-0.05,-0.13
L335Y,-0.02,-0.12
C336A,-0.69,-1.49
C336C,0,0
C336D,-0.48,-1.16
C336E,-0.61,-1.44
C336F,-0.57,-1.28
C336G,-0.65,-0.96
C336H,-0.71,-1.39
C336I,-0.75,-1.69
C336K,-0.93,-1.93
C336L,-0.81,-1.68
C336M,-0.75,-1.77
C336N,-0.51,-1.35
C336P,-0.93,-1.95
C336Q,-0.68,-1.67
C336R,-0.99,-2.17
C336S,-0.65,-1.38
C336T,-0.58,-1.31
C336V,-0.62,-1.51
C336W,-0.81,-1.68
C336Y,-0.7,-1.6
P337A,-0.09,-0.31
P337C,-0.18,-0.49
P337D,0.06,0.29
P337E,-0.01,0
P337F,-0.45,-1.1
P337G,-0.15,-0.4
P337H,-0.09,-0.65
P337I,-0.54,-1.57
P337K,-0.05,-0.32
P337L,-0.27,-0.95
P337M,-0.19,-0.86
P337N,-0.03,0.28
P337P,0,0
P337Q,-0.21,-0.14
P337R,-0.14,-0.29
P337S,-0.1,-0.23
P337T,-0.13,-0.44
P337V,-0.4,-1.2
P337W,-0.4,-1.18
P337Y,-0.26,-1.12
F338A,-0.97,-2.18
F338C,-0.95,-2.08
F338D,-1.11,-2.24
F338E,-1.04,-2.13
F338F,0,0
F338G,-1.08,-2.11
F338H,-0.97,-1.88
F338I,-0.15,-0.48
F338K,-1.49,-2.31
F338L,-0.03,0.06
F338M,-0.15,-0.59
F338N,-1.13,-2.3
F338P,-0.93,-2.24
F338Q,-1.04,-2.37
F338R,-1.66,-2.6
F338S,-1.03,-2.31
F338T,-0.93,-2.01
F338V,-0.55,-1.5
F338W,0.04,-0.06
F338Y,-0.05,-0.52
G339A,0,0.01
G339C,-0.37,-1.23
G339D,0.06,0.3
G339E,-0.03,0.16
G339F,-0.11,-0.27
G339G,0,0
G339H,0.01,0.15
G339I,-0.21,-0.68
G339K,-0.11,-0.23
G339L,-0.22,-0.54
G339M,-0.15,-0.37
G339N,0.02,0.11
G339P,-0.14,-0.52
G339Q,-0.05,0
G339R,-0.1,-0.26
G339S,0.02,0.08
G339T,-0.05,-0.2
G339V,-0.18,-0.51
G339W,-0.09,-0.22
G339Y,-0.03,-0.17
E340A,-0.09,-0.35
E340C,-0.44,-1.36
E340D,0.01,-0.11
E340E,0,0
E340F,-0.64,-1.77
E340G,-0.27,-0.76
E340H,-0.27,-1.09
E340I,-0.39,-1.1
E340K,-0.11,-0.56
E340L,-0.21,-0.87
E340M,-0.18,-0.74
E340N,-0.23,-0.77
E340P,-0.21,-0.81
E340Q,-0.05,-0.5
E340R,-0.28,-1.05
E340S,-0.1,-0.48
E340T,-0.18,-0.63
E340V,-0.26,-1.1
E340W,-0.63,-1.84
E340Y,-0.55,-1.71
V341A,-0.86,-1.98
V341C,-0.88,-1.94
V341D,-0.94,-2.21
V341E,-0.97,-2.22
V341F,-0.51,-1.06
V341G,-1.06,-2.3
V341H,-0.99,-2.01
V341I,0.02,0.21
V341K,-1.67,-2.23
V341L,-0.15,-0.43
V341M,-0.52,-1.1
V341N,-1.02,-2.17
V341P,-0.93,-1.98
V341Q,-0.97,-1.99
V341R,-1.37,-2.22
V341S,-0.87,-2.18
V341T,-0.59,-1.5
V341V,0,0
V341W,-0.47,-1.18
V341Y,-0.65,-1.29
F342A,-0.99,-2.24
F342C,-1.01,-2.27
F342D,-1.55,-2.54
F342E,-1.51,-2.59
F342F,0,0
F342G,-1.41,-2.36
F342H,-1.54,-2.32
F342I,-0.15,-0.78
F342K,-1.07,-2.23
F342L,-0.28,-0.84
F342M,-0.3,-0.99
F342N,-1.6,-2.39
F342P,-1.79,-2.47
F342Q,-1.35,-2.33
F342R,-1.22,-2.43
F342S,-1.34,-2.41
F342T,-0.78,-2.28
F342V,-0.38,-1.23
F342W,-0.73,-2.3
F342Y,-0.89,-2.21
N343A,-0.38,-1.52
N343C,-0.76,-2.18
N343D,-0.37,-1.67
N343E,-0.25,-1.7
N343F,-0.45,-2.57
N343G,-0.2,-1.35
N343H,-0.31,-1.45
N343I,-0.96,-3.06
N343K,-0.31,-2.33
N343L,-0.58,-2.58
N343M,-0.49,-2.85
N343N,0,0
N343P,-1.47,-3.2
N343Q,-0.29,-1.4
N343R,-0.42,-2.55
N343S,-0.32,-2.58
N343T,-0.35,-2.46
N343V,-0.82,-3.11
N343W,-0.5,-2.94
N343Y,-0.46,-2.14
A344A,0,0
A344C,-0.4,-1.54
A344D,-0.41,-1.48
A344E,-0.26,-0.94
A344F,-0.83,-2.39
A344G,-0.32,-1.31
A344H,-0.46,-1.41
A344I,-0.41,-1.38
A344K,-0.1,-0.57
A344L,-0.62,-1.87
A344M,-0.43,-1.18
A344N,-0.14,-0.65
A344P,-0.74,-2.98
A344Q,-0.1,-0.2
A344R,-0.17,-0.84
A344S,-0.14,-0.62
A344T,-0.37,-1.23
A344V,-0.46,-1.65
A344W,-0.92,-2.6
A344Y,-0.81,-2.12
T345A,-0.12,-0.98
T345C,-0.64,-2.2
T345D,-0.12,-0.66
T345E,-0.09,-0.51
T345F,-0.58,-3.01
T345G,-0.35,-1.8
T345H,-0.26,-2.01
T345I,-0.42,-1.91
T345K,-0.07,-0.59
T345L,-0.25,-1.23
T345M,-0.37,-1.84
T345N,-0.21,-1.65
T345P,-0.06,-0.34
T345Q,-0.15,-1.91
T345R,-0.13,-1
T345S,-0.02,-0.16
T345T,0,0
T345V,-0.28,-1.31
T345W,-0.62,-2.7
T345Y,-0.48,-2.47
R346A,-0.02,-0.27
R346C,-0.12,-0.45
R346D,0.01,-0.02
R346E,0,0.08
R346F,-0.02,-0.31
R346G,-0.11,-0.74
R346H,0.08,0.03
R346I,-0.01,-0.03
R346K,-0.01,0.12
R346L,-0.04,-0.36
R346M,-0.02,-0.28
R346N,0.03,0.15
R346P,-0.38,-1.34
R346Q,-0.01,-0.02
R346R,0,0
R346S,0.04,0.02
R346T,0.06,0.15
R346V,0.06,0.01
R346W,-0.06,-0.45
R346Y,0.07,-0.12
F347A,-0.87,-2.11
F347C,-1,-2.62
F347D,-3.13,-1.66
F347E,-1.47,-2.35
F347F,0,0
F347G,-0.98,-1.93
F347H,-0.72,-0.87
F347I,-0.79,-2.15
F347K,-1.6,-2.15
F347L,-0.87,-2.24
F347M,-0.43,-1.48
F347N,-2.15,-0.6
F347P,-0.75,-1.97
F347Q,-1.04,-2.51
F347R,-1.17,-2.47
F347S,-0.89,-2.11
F347T,-1.08,-2.29
F347V,-0.72,-1.99
F347W,0,0.06
F347Y,-0.32,-1.39
A348A,0,0
A348C,-0.26,-1.16
A348D,-0.07,-0.4
A348E,-0.13,-0.64
A348F,-0.29,-1.16
A348G,-0.1,-0.55
A348H,0,-0.28
A348I,-0.99,-2.4
A348K,-0.23,-0.76
A348L,-0.63,-1.75
A348M,-0.3,-1.23
A348N,0,-0.11
A348P,-0.06,0.4
A348Q,-0.12,-0.47
A348R,-0.24,-1.26
A348S,0.01,-0.17
A348T,-0.18,-1.19
A348V,-0.49,-1.5
A348W,-0.46,-1.49
A348Y,-0.1,-0.59
S349A,-0.34,-1.13
S349C,-0.12,-2.03
S349D,-0.5,-1.14
S349E,-1.15,-2.13
S349F,-2.03,-2.5
S349G,-0.59,-2.08
S349H,-0.72,-0.61
S349I,-4.25,-2.69
S349K,-0.87,-2.06
S349L,-1.91,-2.58
S349M,-0.87,-1.95
S349N,-0.26,-0.59
S349P,-0.11,-0.38
S349Q,-0.83,-1.79
S349R,-0.96,-2.4
S349S,0,0
S349T,-0.76,-1.93
S349V,-1.92,-2.58
S349W,-1.9,-2.58
S349Y,-1.8,-2.48
V350A,-0.4,-1.47
V350C,-1.48,-1.1
V350D,-4.8,-2.21
V350E,-4.59,-2.5
V350F,-4.84,-2.09
V350G,-1.9,-2.81
V350H,-4.8,-2.39
V350I,-0.23,-1.88
V350K,-4.8,-2.47
V350L,-1.69,-2.46
V350M,-3.54,-2.54
V350N,-2.44,-2.51
V350P,-0.22,-1.08
V350Q,-4.1,-2.57
V350R,-4.8,-2.59
V350S,-0.94,-2.24
V350T,-0.8,-2.31
V350V,0,0
V350W,-4.71,-2.6
V350Y,-4.14,-2.72
Y351A,-0.87,-1.47
Y351C,-0.6,-2.01
Y351D,-2.72,-2.86
Y351E,-1.5,-2.12
Y351F,-0.08,-0.84
Y351G,-1.65,-2.23
Y351H,-0.27,-0.6
Y351I,-0.79,-1.85
Y351K,-2.5,-2.38
Y351L,-0.92,-2.24
Y351M,-0.58,-1.87
Y351N,-0.77,-2.48
Y351P,-0.81,-2.42
Y351Q,-1.01,-1.93
Y351R,-2.97,-2.64
Y351S,-0.71,-1.73
Y351T,-0.82,-1.4
Y351V,-0.29,-1.29
Y351W,-0.19,-0.65
Y351Y,0,0
A352A,0,0
A352C,-0.11,-0.57
A352D,-0.03,-0.45
A352E,-0.03,-0.2
A352F,-0.29,-1.1
A352G,-0.19,-0.98
A352H,-0.06,-0.42
A352I,-0.49,-1.96
A352K,-0.08,-0.41
A352L,-0.31,-1.25
A352M,-0.02,-0.94
A352N,-0.04,-0.4
A352P,-3.21,-2.42
A352Q,-0.03,-0.6
A352R,-0.05,-0.49
A352S,-0.06,-0.26
A352T,-0.27,-1.24
A352V,-0.52,-1.79
A352W,-0.44,-1.35
A352Y,-0.14,-0.79
W353A,-1.34,-2.15
W353C,-1.22,-2.53
W353D,-2.39,-2.44
W353E,-1.83,-2.12
W353F,-0.08,-0.83
W353G,-2.17,-2.27
W353H,-0.95,-2.49
W353I,-2.65,-2.49
W353K,-2.46,-2.25
W353L,-2.15,-2.62
W353M,-1.68,-2.51
W353N,-2.68,-2.19
W353P,-0.62,-2.04
W353Q,-1.36,-2.42
W353R,-1.62,-2.52
W353S,-0.98,-2.02
W353T,-2.75,-2.13
W353V,-1.26,-2.47
W353W,0,0
W353Y,-0.28,-1.58
N354A,-0.04,-0.45
N354C,-0.29,-1
N354D,-0.04,0.13
N354E,0,0.64
N354F,-0.57,-1.68
N354G,-0.06,-0.74
N354H,-0.07,-0.44
N354I,-0.39,-1.1
N354K,0.03,0.21
N354L,-0.56,-1.47
N354M,-0.23,-0.91
N354N,0,0
N354P,-0.9,-2.24
N354Q,0,0.52
N354R,0.05,0.14
N354S,0.04,0.17
N354T,0.02,0.02
N354V,-0.16,-0.58
N354W,-1.05,-1.66
N354Y,-0.38,-1.22
R355A,-1.54,-2.47
R355C,-1.88,-1.4
R355D,-3.89,-1.91
R355E,-1.27,-2.13
R355F,-3.01,-2.56
R355G,-2.15,-2.24
R355H,-0.38,-1.46
R355I,-3.34,-2.53
R355K,-1.08,-2.21
R355L,-4.33,-2.45
R355M,-2.1,-2.58
R355N,-1.38,-2.24
R355P,-3.41,-2.17
R355Q,-0.85,-2.13
R355R,0,0
R355S,-0.68,-1.92
R355T,-0.64,-1.8
R355V,-2.38,-2.34
R355W,-1.98,-2.45
R355Y,-3,-2.62
K356A,-0.14,-0.34
K356C,-0.2,-0.53
K356D,-0.39,-0.41
K356E,-0.21,-0.74
K356F,-0.15,-1.31
K356G,-0.9,-2.11
K356H,-0.14,-0.36
K356I,-0.04,-0.11
K356K,0,0
K356L,-0.07,-0.49
K356M,-0.02,-0.14
K356N,-0.28,-0.98
K356P,-4.2,-2.76
K356Q,-0.12,-0.13
K356R,0.03,0.21
K356S,-0.15,-0.49
K356T,0.04,0.14
K356V,0.01,0.04
K356W,-0.42,-1.41
K356Y,-0.12,-0.85
R357A,-0.01,-0.16
R357C,-0.04,-0.48
R357D,-0.06,-0.47
R357E,0.01,-0.02
R357F,-0.14,-1.06
R357G,-0.42,-1.17
R357H,-0.08,0.04
R357I,-0.04,0.03
R357K,0.05,0.18
R357L,-0.06,-0.33
R357M,-0.07,-0.52
R357N,-0.03,0.04
R357P,-0.19,-0.63
R357Q,-0.05,0.01
R357R,0,0
R357S,-0.06,-0.25
R357T,-0.07,-0.02
R357V,0.01,0.01
R357W,-0.15,-0.82
R357Y,-0.06,-0.42
I358A,-0.7,-1.44
I358C,-0.41,-0.91
I358D,-1.81,-2.13
I358E,-1.08,-1.95
I358F,0.1,0.72
I358G,-0.74,-1.75
I358H,-0.64,-1.06
I358I,0,0
I358K,-1.25,-2.22
I358L,0,0.14
I358M,-0.01,0.26
I358N,-0.91,-2.04
I358P,-2.18,-2.16
I358Q,-0.93,-2.05
I358R,-1.3,-2.15
I358S,-0.78,-1.86
I358T,-0.83,-1.97
I358V,-0.14,-0.59
I358W,0.07,0.41
I358Y,-0.01,0.1
S359A,-0.02,0.04
S359C,-0.05,-0.23
S359D,-0.01,-0.11
S359E,-0.13,0.01
S359F,-0.08,-0.24
S359G,-0.08,-0.13
S359H,-0.01,0.12
S359I,-0.15,-0.58
S359K,-0.06,-0.09
S359L,-0.29,-1.03
S359M,-0.16,-0.17
S359N,0.04,-0.03
S359P,-0.16,-0.47
S359Q,0.08,0.05
S359R,-0.03,-0.08
S359S,0,0
S359T,-0.02,0.18
S359V,-0.07,-0.17
S359W,-0.1,-0.66
S359Y,-0.08,-0.21
N360A,-0.23,-1.09
N360C,-0.27,-0.96
N360D,-0.03,0.28
N360E,-0.13,-0.33
N360F,-0.28,-0.29
N360G,-0.01,-0.03
N360H,-0.04,-0.06
N360I,-0.71,-1.83
N360K,-0.12,-0.47
N360L,-0.59,-1.02
N360M,-0.38,-0.98
N360N,0,0
N360P,-0.04,-1.33
N360Q,-0.18,-0.7
N360R,-0.19,-0.53
N360S,-0.16,-0.57
N360T,-0.35,-1.16
N360V,-0.75,-1.78
N360W,-0.25,-0.73
N360Y,-0.33,-1.23
C361A,-0.59,-1.04
C361C,0,0
C361D,-0.86,-0.65
C361E,-0.58,-0.93
C361F,-0.59,-1.07
C361G,-0.72,-1.35
C361H,-0.69,-1.39
C361I,-0.66,-1.04
C361K,-0.62,-1.07
C361L,-0.7,-1.23
C361M,-0.67,-1.31
C361N,-0.59,-0.96
C361P,-0.38,-0.36
C361Q,-0.57,-1.01
C361R,-0.66,-1.37
C361S,-0.61,-1.1
C361T,-0.61,-1.08
C361V,-0.58,-1.1
C361W,-0.7,-1.22
C361Y,-0.64,-1.71
V362A,-0.09,-0.41
V362C,-0.09,-0.11
V362D,-0.18,-0.31
V362E,-0.05,-0.14
V362F,-0.01,-0.03
V362G,-0.21,-0.7
V362H,-0.05,-0.02
V362I,0.04,-0.12
V362K,-0.02,0.07
V362L,-0.03,-0.12
V362M,0.03,-0.18
V362N,-0.1,-0.26
V362P,-0.51,-1.08
V362Q,-0.03,0.05
V362R,0,-0.03
V362S,-0.1,0.1
V362T,0.08,0.33
V362V,0,0
V362W,0,0.03
V362Y,0,0.26
A363A,0,0
A363C,-0.09,-0.23
A363D,-0.66,-3.22
A363E,-0.47,-1.38
A363F,-0.12,-0.22
A363G,-0.13,-0.37
A363H,-0.21,-0.86
A363I,-0.25,-0.96
A363K,-0.54,-1.6
A363L,-0.06,-0.32
A363M,-0.14,-0.43
A363N,-0.43,-2.44
A363P,-0.15,-0.45
A363Q,-0.02,-0.34
A363R,-0.56,-1.49
A363S,-0.19,-0.89
A363T,-0.18,-0.89
A363V,-0.13,-0.41
A363W,0.06,0.25
A363Y,-0.17,-0.49
D364A,-0.62,-1.71
D364C,-0.46,-1.04
D364D,0,0
D364E,-0.3,-1.2
D364F,-0.77,-3.02
D364G,-0.62,-1.75
D364H,-0.5,-2.68
D364I,-0.69,-3.18
D364K,-0.45,-1.35
D364L,-0.91,-2.77
D364M,-0.82,-4.07
D364N,-0.22,-1.42
D364P,-0.57,-2.54
D364Q,-0.46,-1.51
D364R,-0.58,-1.71
D364S,-0.39,-1.67
D364T,-0.57,-3.08
D364V,-0.64,-2.06
D364W,-0.62,-1.43
D364Y,-0.55,-2.67
Y365A,-0.29,-0.57
Y365C,-0.45,-0.9
Y365D,-0.68,-1.63
Y365E,-0.61,-1.37
Y365F,0,0.48
Y365G,-0.37,-0.98
Y365H,-0.55,-1.5
Y365I,-0.05,0.03
Y365K,-0.6,-1.5
Y365L,0,0.3
Y365M,0.03,0.1
Y365N,-0.55,-1.56
Y365P,-0.38,-1
Y365Q,-0.6,-1.36
Y365R,-0.61,-1.5
Y365S,-0.42,-1.09
Y365T,-0.33,-0.93
Y365V,-0.11,0.01
Y365W,-0.01,0.99
Y365Y,0,0
S366A,-0.03,0.12
S366C,-0.38,-1.1
S366D,0.05,0.22
S366E,0.02,0.12
S366F,-0.23,-0.63
S366G,0,-0.11
S366H,0.03,-0.53
S366I,-0.09,-0.41
S366K,0,-0.04
S366L,-0.08,-0.21
S366M,-0.02,-0.18
S366N,0.08,0.05
S366P,-0.43,-0.87
S366Q,0.01,0.03
S366R,-0.01,-0.1
S366S,0,0
S366T,-0.01,0.04
S366V,-0.05,-0.21
S366W,-0.12,-0.39
S366Y,-0.23,-1.29
V367A,0.11,0.46
V367C,-0.09,-0.22
V367D,-0.05,0.11
V367E,0.02,0.31
V367F,0.07,0.74
V367G,-0.04,0.03
V367H,0.02,0.08
V367I,-0.03,0.12
V367K,0.05,0.27
V367L,0.02,0.15
V367M,0.04,0.21
V367N,0.02,0.08
V367P,-0.02,-0.07
V367Q,0.02,0.28
V367R,-0.04,0.1
V367S,0.02,0.3
V367T,-0.01,0.19
V367V,0,0
V367W,0.14,0.28
V367Y,-0.02,0.01
L368A,-0.83,-1.77
L368C,-0.97,-1.87
L368D,-0.93,-1.69
L368E,-0.99,-2.22
L368F,-0.05,-0.22
L368G,-1.03,-1.04
L368H,-0.96,-1.98
L368I,-0.04,-0.17
L368K,-1.02,-1.91
L368L,0,0
L368M,-0.16,-0.73
L368N,-0.99,-1.95
L368P,-0.96,-1.83
L368Q,-0.9,-1.99
L368R,-1.01,-2.12
L368S,-0.99,-2.03
L368T,-0.9,-2.01
L368V,-0.24,-0.78
L368W,-0.4,-1.05
L368Y,-0.48,-1.01
Y369A,-0.01,0.14
Y369C,-0.1,-0.37
Y369D,-0.17,-0.52
Y369E,-0.11,0.12
Y369F,-0.08,0.2
Y369G,-0.09,-0.23
Y369H,-0.07,-0.04
Y369I,0.04,0.12
Y369K,-0.04,0.07
Y369L,0.05,0.31
Y369M,0.06,0.36
Y369N,-0.09,0.09
Y369P,-0.17,-0.37
Y369Q,0.01,0.11
Y369R,-0.03,0.02
Y369S,-0.03,0.05
Y369T,0.02,0.18
Y369V,0,0.21
Y369W,-0.05,0.08
Y369Y,0,0
N370A,-0.1,-0.25
N370C,-0.48,-1.28
N370D,-0.04,-0.15
N370E,0,-0.19
N370F,-0.23,-1.08
N370G,-0.04,-0.01
N370H,-0.03,-0.13
N370I,-0.58,-1.76
N370K,-0.04,-0.04
N370L,-0.17,-0.73
N370M,-0.12,-0.63
N370N,0,0
N370P,-0.12,-0.37
N370Q,0.02,-0.29
N370R,-0.05,-0.16
N370S,-0.02,-0.17
N370T,-0.02,-0.48
N370V,-0.45,-1.69
N370W,-0.27,-1.06
N370Y,-0.14,-0.81
S371A,-0.09,-0.39
S371C,-0.26,-0.47
S371D,0.01,-0.09
S371E,-0.05,-0.35
S371F,-0.19,-0.72
S371G,-0.1,-0.54
S371H,-0.12,-0.42
S371I,-0.17,-0.79
S371K,-0.13,-0.86
S371L,-0.14,-0.61
S371M,-0.14,-0.36
S371N,-0.05,-0.26
S371P,-0.16,-0.9
S371Q,-0.1,-0.29
S371R,-0.11,-0.34
S371S,0,0
S371T,-0.03,-0.15
S371V,-0.18,-0.67
S371W,-0.11,-0.55
S371Y,-0.12,-0.39
A372A,0,0
A372C,-0.18,-1.01
A372D,-0.1,-0.28
A372E,0.01,0.08
A372F,-0.09,-0.51
A372G,0,-0.01
A372H,-0.13,-0.38
A372I,-0.13,-0.69
A372K,-0.05,0.25
A372L,-0.17,-0.66
A372M,-0.04,-0.1
A372N,-0.2,-0.9
A372P,-0.14,-0.22
A372Q,-0.08,0.2
A372R,0.03,0.05
A372S,-0.19,-0.45
A372T,-0.16,-0.28
A372V,-0.12,-0.49
A372W,-0.1,-0.52
A372Y,-0.18,-0.87
S373A,-0.03,0.01
S373C,-0.07,-0.24
S373D,-0.04,-0.12
S373E,-0.01,0.09
S373F,-0.02,-0.25
S373G,-0.01,-0.21
S373H,-0.01,0.03
S373I,-0.02,-0.02
S373K,-0.04,0.35
S373L,-0.02,-0.03
S373M,0.01,-0.06
S373N,-1.06,0.48
S373P,-0.08,-0.22
S373Q,0.05,0.12
S373R,-0.01,0.05
S373S,0,0
S373T,0,0.05
S373V,-0.07,-0.18
S373W,-0.04,-0.18
S373Y,-0.01,-0.06
F374A,-0.29,-0.98
F374C,-0.61,-1.43
F374D,-0.24,-0.55
F374E,-0.32,-1.24
F374F,0,0
F374G,-0.24,-1.13
F374H,-0.24,-0.6
F374I,-0.15,-0.48
F374K,-0.28,-1.24
F374L,-0.25,-0.77
F374M,-0.22,-0.89
F374N,-0.92,-0.32
F374P,-0.33,-1.14
F374Q,-0.32,-0.87
F374R,-0.36,-1.36
F374S,-0.35,-1.1
F374T,-0.32,-0.87
F374V,-0.32,-0.85
F374W,-0.02,0.06
F374Y,-0.06,-0.12
S375A,-0.13,-0.38
S375C,-0.5,-1.05
S375D,-0.04,-0.08
S375E,-0.11,-0.03
S375F,-0.55,-1.81
S375G,-0.2,-0.82
S375H,-0.13,-0.34
S375I,-0.69,-1.99
S375K,-0.23,-0.98
S375L,-0.6,-1.62
S375M,-0.44,-1.24
S375N,-0.13,-0.7
S375P,-0.4,-1.1
S375Q,-0.03,-0.36
S375R,-0.37,-1.15
S375S,0,0
S375T,-0.06,-0.24
S375V,-0.55,-1.62
S375W,-0.53,-1.56
S375Y,-0.29,-1.07
T376A,-0.26,-1.1
T376C,-0.25,-0.84
T376D,-0.98,-0.84
T376E,-0.13,-0.52
T376F,-0.12,-0.57
T376G,-0.61,-1.76
T376H,-0.02,0.06
T376I,-0.07,-0.3
T376K,-0.08,-0.61
T376L,-0.04,-0.18
T376M,-0.06,-0.15
T376N,-0.19,-0.7
T376P,-1.01,-2.63
T376Q,-0.01,-0.04
T376R,-0.12,-1.04
T376S,-0.07,-0.22
T376T,0,0
T376V,-0.06,-0.21
T376W,-0.09,-0.37
T376Y,-0.09,-0.04
F377A,-0.59,-2.17
F377C,-0.4,-1.24
F377D,-4.01,-2.75
F377E,-2.12,-3.19
F377F,0,0
F377G,-1.87,-2.93
F377H,-0.62,-2.62
F377I,-0.16,-0.57
F377K,-0.71,-2.42
F377L,-0.2,-0.8
F377M,-0.7,-0.58
F377N,-0.84,-2.42
F377P,-0.81,-2.18
F377Q,-1.37,-2.96
F377R,-0.64,-2.92
F377S,-0.83,-2.28
F377T,-0.44,-1.61
F377V,-0.15,-0.4
F377W,-0.07,-0.5
F377Y,-0.24,-1.37
K378A,-0.1,-0.41
K378C,-0.14,-0.71
K378D,-0.03,-0.29
K378E,-0.04,-0.09
K378F,-0.5,-1.57
K378G,-0.89,-2.48
K378H,-0.17,-0.68
K378I,-0.11,-0.35
K378K,0,0
K378L,-0.06,-0.51
K378M,-0.13,-0.65
K378N,-0.02,-0.26
K378P,-4.02,-2.77
K378Q,-0.01,-0.11
K378R,0.08,0.16
K378S,-0.11,-0.52
K378T,-0.16,-0.51
K378V,-0.09,-0.42
K378W,-0.6,-1.96
K378Y,-0.42,-1.31
C379A,-1.44,-3.03
C379C,0,0
C379D,-4.79,-2.87
C379E,-4.06,-3.02
C379F,-0.65,-2.56
C379G,-4.51,-2.96
C379H,-2.5,-2.96
C379I,-1.24,-2.81
C379K,-4.7,-3.02
C379L,-0.97,-2.61
C379M,-0.97,-2.85
C379N,-3.32,-2.95
C379P,-3.66,-2.87
C379Q,-2.98,-2.85
C379R,-4.12,-2.97
C379S,-1.61,-2.94
C379T,-0.9,-2.93
C379V,-0.84,-2.56
C379W,-0.46,-1.85
C379Y,-1.05,-2.95
Y380A,-1.9,-2.81
Y380C,-1.37,-2.64
Y380D,-3.05,-2.84
Y380E,-1.8,-2.88
Y380F,-0.04,-0.45
Y380G,-4.12,-2.78
Y380H,-0.53,-1.86
Y380I,-0.73,-2.27
Y380K,-1.53,-2.79
Y380L,-1.53,-2.69
Y380M,-1.07,-2.74
Y380N,-1.49,-2.8
Y380P,-4.8,-2.81
Y380Q,-1.42,-2.61
Y380R,-1.34,-2.84
Y380S,-1.17,-2.65
Y380T,-0.77,-2.46
Y380V,-0.95,-2.57
Y380W,-0.08,-0.24
Y380Y,0,0
G381A,-0.52,-1.65
G381C,-0.7,-1.99
G381D,-0.55,-1.82
G381E,-0.54,-1.97
G381F,-0.81,-2.32
G381G,0,0
G381H,-0.15,-0.77
G381I,-0.86,-2.34
G381K,-0.07,-0.45
G381L,-0.65,-2.04
G381M,-0.58,-1.78
G381N,-0.02,-0.03
G381P,-0.97,-2.39
G381Q,-0.12,-0.85
G381R,-0.03,-0.23
G381S,-0.27,-1
G381T,-0.53,-1.76
G381V,-0.7,-2.09
G381W,-0.87,-2.38
G381Y,-0.79,-2.35
V382A,-0.26,-1.39
V382C,-0.06,-0.44
V382D,-0.62,-2.28
V382E,-0.52,-1.79
V382F,-0.01,-0.11
V382G,-0.68,-2.29
V382H,-0.32,-1.73
V382I,0,-0.07
V382K,-0.52,-2
V382L,-0.05,-0.25
V382M,-0.14,-0.48
V382N,-0.56,-2.03
V382P,-0.42,-1.8
V382Q,-0.56,-2.09
V382R,-0.86,-2.21
V382S,-0.55,-1.92
V382T,-0.11,-0.9
V382V,0,0
V382W,-0.35,-1.39
V382Y,-0.14,-0.82
S383A,-0.01,-0.11
S383C,-0.14,-0.39
S383D,0.02,0.36
S383E,0.09,0.19
S383F,-0.14,-1.06
S383G,-0.13,-1.03
S383H,-0.08,-0.09
S383I,0.05,-0.16
S383K,0.01,-0.09
S383L,-0.07,-0.23
S383M,-0.04,-0.47
S383N,0,0.22
S383P,-0.08,-0.31
S383Q,-0.05,0.07
S383R,-0.06,-0.58
S383S,0,0
S383T,0.06,-0.06
S383V,-0.01,-0.07
S383W,-0.2,-1.14
S383Y,-0.07,-0.91
P384A,0.01,0.03
P384C,-0.16,-1.47
P384D,-0.14,-1.48
P384E,-0.02,-0.1
P384F,0.02,-0.43
P384G,-0.17,-0.6
P384H,-0.03,-0.29
P384I,0.02,-0.07
P384K,0.04,0.18
P384L,0.01,-0.03
P384M,-0.02,0.06
P384N,-0.18,-0.55
P384P,0,0
P384Q,0.03,-0.1
P384R,0.03,-0.02
P384S,-0.09,-0.38
P384T,-0.05,-0.35
P384V,0.03,-0.11
P384W,0.03,-0.11
P384Y,-0.06,-0.39
T385A,0,-0.03
T385C,-0.26,-0.43
T385D,-0.01,0.21
T385E,0.06,0.28
T385F,-0.01,-0.15
T385G,-0.02,-0.09
T385H,0.01,-0.02
T385I,-0.04,-0.27
T385K,-0.04,0.07
T385L,-0.01,-0.05
T385M,0.01,-0.08
T385N,0.01,0.03
T385P,-0.04,-0.6
T385Q,0.03,0.03
T385R,0.19,-0.02
T385S,-0.01,0
T385T,0,0
T385V,-0.04,-0.4
T385W,-0.03,-0.21
T385Y,0,-0.02
K386A,-0.03,0.05
K386C,-0.18,-0.43
K386D,-0.06,0.15
K386E,0.02,0.18
K386F,-0.22,-1.06
K386G,-0.06,-0.21
K386H,0.01,-0.12
K386I,-0.08,-0.43
K386K,0,0
K386L,-0.07,-0.4
K386M,-0.05,-0.14
K386N,0.04,-0.13
K386P,-0.54,-1.77
K386Q,0.01,0.09
K386R,-0.06,-0.13
K386S,0.04,-0.04
K386T,-0.01,-0.1
K386V,-0.08,-0.44
K386W,-0.42,-1.5
K386Y,-0.13,-0.75
L387A,-0.51,-1.85
L387C,-0.64,-1.77
L387D,-0.54,-1.83
L387E,-0.52,-1.79
L387F,-0.31,-1.11
L387G,-0.56,-1.88
L387H,-0.66,-1.94
L387I,-0.17,-0.58
L387K,-0.66,-1.95
L387L,0,0
L387M,-0.13,-0.83
L387N,-0.58,-1.92
L387P,-0.64,-1.91
L387Q,-0.53,-1.55
L387R,-0.7,-2.06
L387S,-0.59,-1.84
L387T,-0.56,-1.8
L387V,-0.43,-1.4
L387W,-0.26,-1.33
L387Y,-0.57,-1.99
N388A,-0.07,-0.38
N388C,-0.33,-1.17
N388D,0.03,-0.12
N388E,-0.09,-0.37
N388F,-0.38,-1.27
N388G,-0.06,-0.43
N388H,-0.09,-0.28
N388I,-0.29,-1.05
N388K,-0.14,-0.26
N388L,-0.27,-0.94
N388M,-0.07,-0.51
N388N,0,0
N388P,-0.04,-0.15
N388Q,-0.05,-0.18
N388R,-0.07,-0.49
N388S,-0.08,-0.27
N388T,-0.14,-0.52
N388V,-0.16,-0.81
N388W,-0.34,-1.33
N388Y,-0.32,-1.27
D389A,-0.1,-0.54
D389C,-0.16,-0.7
D389D,0,0
D389E,0.03,0.11
D389F,-0.12,-0.69
D389G,-0.05,-0.33
D389H,-0.03,-0.17
D389I,-0.4,-1.7
D389K,-0.07,-0.32
D389L,-0.2,-1
D389M,-0.15,-0.61
D389N,-0.05,-0.21
D389P,-0.46,-1.32
D389Q,-0.02,-0.04
D389R,-0.08,-0.35
D389S,0.04,-0.07
D389T,-0.02,-0.12
D389V,-0.29,-1.18
D389W,-0.25,-0.77
D389Y,-0.04,-0.5
L390A,-0.05,-0.4
L390C,-0.07,-0.43
L390D,-0.27,-1
L390E,-0.04,-0.54
L390F,-0.04,-0.36
L390G,-0.09,-0.55
L390H,-0.06,-0.29
L390I,-0.06,-0.32
L390K,-0.06,-0.5
L390L,0,0
L390M,0.02,0.03
L390N,-0.09,-0.58
L390P,-0.43,-1.25
L390Q,-0.07,-0.16
L390R,-0.08,-0.59
L390S,-0.12,-0.41
L390T,-0.12,-0.33
L390V,-0.1,-0.42
L390W,-0.16,-0.8
L390Y,0.01,0.2
C391A,-0.08,-0.12
C391C,0,0
C391D,-0.12,-0.16
C391E,-0.07,-0.01
C391F,-0.16,-0.56
C391G,-0.15,-0.57
C391H,-0.05,-0.14
C391I,-0.13,-0.3
C391K,-0.06,-0.03
C391L,-0.12,-0.39
C391M,-0.12,-0.32
C391N,-0.07,0.2
C391P,-0.07,-0.28
C391Q,-0.02,-0.01
C391R,-0.07,-0.07
C391S,-0.09,-0.15
C391T,-0.08,-0.14
C391V,-0.09,-0.13
C391W,-0.17,-0.59
C391Y,-0.13,-0.47
F392A,-0.02,0.02
F392C,-0.04,-0.15
F392D,-0.32,-1.42
F392E,-0.36,-1.48
F392F,0,0
F392G,-0.27,-1.01
F392H,-0.11,-0.72
F392I,-0.05,-0.07
F392K,-0.34,-1.34
F392L,-0.08,-0.23
F392M,-0.08,-0.12
F392N,-0.21,-0.97
F392P,-0.03,-0.34
F392Q,-0.23,-1.07
F392R,-0.4,-1.39
F392S,-0.11,-0.51
F392T,-0.01,-0.13
F392V,0,0.01
F392W,0.02,0.26
F392Y,0.02,-0.04
T393A,0.03,-0.11
T393C,-0.14,-0.66
T393D,-0.06,-0.27
T393E,-0.02,-0.28
T393F,-0.21,-1.27
T393G,-0.11,-0.31
T393H,-0.07,-0.3
T393I,-0.09,-0.47
T393K,-0.03,-0.01
T393L,-0.13,-0.56
T393M,-0.14,-0.75
T393N,-0.03,-0.16
T393P,-0.16,-1.37
T393Q,-0.05,-0.08
T393R,-0.05,-0.18
T393S,0,-0.05
T393T,0,0
T393V,-0.08,-0.28
T393W,-0.37,-1.49
T393Y,-0.09,-0.43
N394A,0.01,-0.01
N394C,-0.1,-0.17
N394D,-0.08,-0.4
N394E,-0.02,-0.06
N394F,-0.07,-0.26
N394G,-0.08,-0.42
N394H,0,-0.02
N394I,-0.13,-0.43
N394K,-0.1,-0.37
N394L,-0.12,-0.48
N394M,-0.05,-0.37
N394N,0,0
N394P,-0.08,-0.48
N394Q,-0.06,-0.29
N394R,-0.08,-0.42
N394S,0.01,-0.07
N394T,-0.04,0.03
N394V,-0.06,-0.17
N394W,-0.08,-0.42
N394Y,-0.02,-0.12
V395A,-0.16,-0.35
V395C,-0.03,-0.23
V395D,-3.52,-2.54
V395E,-1.02,-2.55
V395F,-0.19,-1.09
V395G,-0.18,-0.56
V395H,-0.59,-2.45
V395I,0,0.06
V395K,-0.9,-2.48
V395L,-0.03,-0.18
V395M,0.04,-0.26
V395N,-1.02,-2.71
V395P,-2.03,-2.84
V395Q,-0.51,-2.03
V395R,-0.55,-1.53
V395S,-0.51,-1.77
V395T,-0.36,-1.09
V395V,0,0
V395W,-0.57,-2.26
V395Y,-0.53,-2.63
Y396A,-0.38,-1.5
Y396C,-0.23,-0.98
Y396D,-0.3,-1.29
Y396E,-0.52,-1.78
Y396F,-0.02,-0.23
Y396G,-1.08,-2.44
Y396H,-0.29,-0.82
Y396I,-0.05,-0.24
Y396K,-0.51,-1.53
Y396L,-0.12,-0.43
Y396M,-0.1,-0.6
Y396N,-0.07,-0.31
Y396P,-4.8,-2.52
Y396Q,-0.24,-0.98
Y396R,-0.59,-1.81
Y396S,-0.38,-0.95
Y396T,-0.02,-0.12
Y396V,-0.06,-0.28
Y396W,-0.03,-0.18
Y396Y,0,0
A397A,0,0
A397C,-0.13,-0.4
A397D,-4.36,-2.9
A397E,NA,NA
A397F,-0.47,-1.51
A397G,-1.07,-2.58
A397H,-1.52,-2.75
A397I,-0.29,-0.57
A397K,NA,NA
A397L,-0.06,-0.07
A397M,NA,NA
A397N,-4.48,-2.27
A397P,-3.95,-2.76
A397Q,NA,NA
A397R,-2.52,-2.68
A397S,-0.7,-2.18
A397T,-0.47,-1.55
A397V,-0.15,-0.45
A397W,NA,NA
A397Y,-0.67,-2.19
D398A,-4.34,-2.5
D398C,-4.53,-0.98
D398D,0,0
D398E,-1.59,-2.63
D398F,-1.72,-2.54
D398G,-4.76,-2.66
D398H,-0.85,-1.69
D398I,-3.38,-2.6
D398K,-4.8,-2.76
D398L,-4.79,-2.58
D398M,-1.39,-2.47
D398N,-3.46,-2.68
D398P,-4.54,-2.83
D398Q,-4.47,-2.58
D398R,-4.8,-2.69
D398S,-2.08,-2.33
D398T,-1.23,-2.43
D398V,-2.08,-2.45
D398W,-2.88,-2.31
D398Y,-1.09,-2.06
S399A,-0.37,-1.71
S399C,-0.83,-1.92
S399D,-1.33,-2.65
S399E,-1.49,-2.29
S399F,-0.45,-1.82
S399G,-0.92,-2.55
S399H,-2,-2.43
S399I,-1.5,-2.44
S399K,-0.97,-2.61
S399L,-0.87,-2.28
S399M,-0.35,-1.57
S399N,-0.39,-2.36
S399P,-3.93,-2.85
S399Q,-0.49,-1.98
S399R,-0.62,-1.99
S399S,0,0
S399T,-0.1,-0.47
S399V,-1.26,-2.42
S399W,-0.52,-1.98
S399Y,-0.3,-0.8
F400A,-3.59,-2.7
F400C,-4.61,-2.79
F400D,-4.8,-2.59
F400E,-4.34,-2.54
F400F,0,0
F400G,-4.8,-2.69
F400H,-3.84,-2.83
F400I,-4.8,-2.72
F400K,-4.72,-2.67
F400L,-1.61,-2.71
F400M,-0.66,-1.72
F400N,-4.8,-2.8
F400P,-4.78,-2.42
F400Q,-4.38,-2.82
F400R,-4.8,-2.87
F400S,-4.8,-2.73
F400T,-4.8,-2.85
F400V,-4.5,-2.81
F400W,-4.77,-2.83
F400Y,-0.9,-2.5
V401A,-0.66,-2.02
V401C,-0.77,-1.78
V401D,-4.37,-2.67
V401E,-4.13,-2.54
V401F,-3.38,-3.03
V401G,-4.32,-2.81
V401H,-4.63,-2.77
V401I,-0.26,-0.41
V401K,-4.76,-2.75
V401L,-0.33,-1.57
V401M,-0.64,-2.19
V401N,-4.03,-2.84
V401P,-4.8,-2.89
V401Q,-3.35,-2.31
V401R,-4.8,-2.88
V401S,-1.75,-2.68
V401T,-0.37,-1.22
V401V,0,0
V401W,-4.69,-2.48
V401Y,-4.8,-2.75
I402A,-0.96,-2.29
I402C,-0.18,-0.89
I402D,-4.67,-2.64
I402E,-3.37,-2.71
I402F,-4.8,-2.8
I402G,-4.8,-2.75
I402H,-4.42,-2.84
I402I,0,0
I402K,-4.71,-2.78
I402L,-0.05,-0.41
I402M,-0.91,-2.29
I402N,-4.69,-2.79
I402P,-4.65,-2.83
I402Q,-4.36,-2.82
I402R,-3.42,-2.76
I402S,-2.26,-2.68
I402T,-0.55,-1.99
I402V,0.01,0.1
I402W,-2.35,-2.65
I402Y,-4.53,-2.81
R403A,-1.06,-0.22
R403C,-1.51,-1.69
R403D,-2.21,-2.3
R403E,-2.11,-1.31
R403F,-3.49,-1.61
R403G,-1.7,-1.14
R403H,-2.19,-1.8
R403I,-1.73,-1.84
R403K,-0.06,-0.29
R403L,-1.4,-1.63
R403M,-0.55,-0.51
R403N,-1.47,-0.44
R403P,-1.25,-1.44
R403Q,-0.72,-0.8
R403R,0,0
R403S,-0.84,-0.22
R403T,-0.69,-0.99
R403V,-2.03,-2.24
R403W,-2.82,-2.06
R403Y,-2.34,-1.55
G404A,-0.93,-0.74
G404C,-1.17,-1.71
G404D,-2.46,-1.56
G404E,-1.28,-1.69
G404F,-1.97,-1.9
G404G,0,0
G404H,-0.93,-1.16
G404I,-2.78,-2.67
G404K,-1.02,-0.97
G404L,-2.29,-2.3
G404M,-1.36,-1.69
G404N,-1.47,-1.65
G404P,-4.8,-2.74
G404Q,-1.02,-0.94
G404R,-1.29,-1.66
G404S,-1.02,-1.12
G404T,-2.47,-2.59
G404V,-2.56,-2.49
G404W,-3.07,-2.76
G404Y,-1.39,-2.1
D405A,-0.07,-0.71
D405C,-0.28,-0.76
D405D,0,0
D405E,-0.25,-0.47
D405F,-0.02,-0.92
D405G,-0.33,-1.11
D405H,-0.15,-2.83
D405I,-0.93,-1
D405K,-0.2,-0.36
D405L,-0.42,-0.93
D405M,-0.08,-1.01
D405N,-0.1,-0.47
D405P,-1.45,-2.56
D405Q,-0.03,-1.21
D405R,-0.11,-0.65
D405S,0.01,-0.37
D405T,-0.36,-0.58
D405V,-0.6,-1.14
D405W,-0.49,-1.71
D405Y,-0.28,-0.86
E406A,-0.38,-2.17
E406C,-0.83,-2.75
E406D,-0.07,-0.53
E406E,0,0
E406F,-0.9,-2.11
E406G,-0.59,-2.49
E406H,0,0.07
E406I,-2.12,-2.72
E406K,-0.96,-2.34
E406L,-1.4,-2.51
E406M,-0.44,-1.2
E406N,-0.56,-2.58
E406P,-4.42,-2.68
E406Q,0.07,0.04
E406R,-2.01,-2.67
E406S,-0.53,-2.54
E406T,-0.68,-2.39
E406V,-0.6,-2.41
E406W,-0.57,-0.25
E406Y,-0.78,-2.35
V407A,-0.86,-2.22
V407C,-0.67,-2.12
V407D,-4.8,-2.8
V407E,-1.66,-2.54
V407F,-1.09,-2.62
V407G,-2.63,-2.76
V407H,-3.09,-2.73
V407I,-0.1,-0.32
V407K,-1.15,-2.51
V407L,-0.03,-0.06
V407M,-0.33,-1.16
V407N,-4.44,-2.51
V407P,-4.3,-2.81
V407Q,-0.67,-1.99
V407R,-0.76,-2.17
V407S,-1.54,-2.5
V407T,-0.56,-1.85
V407V,0,0
V407W,-1.78,-2.65
V407Y,-1.48,-2.74
R408A,-0.06,0.12
R408C,-0.09,-0.06
R408D,-0.1,0.53
R408E,-0.16,0.27
R408F,-0.11,-0.48
R408G,-0.08,0.09
R408H,-0.06,0.02
R408I,-0.09,-0.46
R408K,0,0.06
R408L,-0.21,-0.54
R408M,-0.1,-0.48
R408N,-0.06,-0.13
R408P,-0.06,0.15
R408Q,-0.07,0.29
R408R,0,0
R408S,-0.06,0.21
R408T,-0.11,-0.06
R408V,-0.14,0.04
R408W,-0.1,-0.56
R408Y,-0.14,-0.22
Q409A,-0.92,-2.33
Q409C,-0.43,-1.36
Q409D,-0.33,-2.21
Q409E,-0.15,-0.25
Q409F,-0.72,-1.85
Q409G,-1,-2.44
Q409H,-0.67,-1.27
Q409I,-1.86,-2.92
Q409K,-0.65,-1.25
Q409L,-0.75,-1.71
Q409M,-0.54,-1.48
Q409N,-0.65,-0.83
Q409P,-4.63,-2.85
Q409Q,0,0
Q409R,-0.78,-1.71
Q409S,-0.57,-1.33
Q409T,-0.67,-2.01
Q409V,-1.06,-2.66
Q409W,-0.9,-2.52
Q409Y,-0.45,-1.86
I410A,-4.62,-2.82
I410C,-1.14,-2.69
I410D,-3.39,-2.94
I410E,-4.8,-2.7
I410F,-3.27,-2.69
I410G,-4.57,-2.81
I410H,-4.55,-2.89
I410I,0,0
I410K,-4.74,-2.76
I410L,-0.36,-1.45
I410M,-0.72,-2.28
I410N,-3.6,-2.66
I410P,-3.49,-2.54
I410Q,-4.21,-2.83
I410R,-4.8,-2.84
I410S,-4.8,-2.65
I410T,-4.48,-2.76
I410V,-0.11,-0.6
I410W,-4.79,-2.79
I410Y,-4.18,-2.68
A411A,0,0
A411C,-0.4,-1.58
A411D,-0.69,-2.02
A411E,-0.09,-0.79
A411F,-0.81,-2.35
A411G,-0.1,-0.78
A411H,-0.55,-2.03
A411I,-0.72,-2.23
A411K,-0.33,-1.32
A411L,-0.73,-2.3
A411M,-0.29,-1.62
A411N,-0.57,-2.18
A411P,-4.5,-2.77
A411Q,-0.08,-0.54
A411R,-0.18,-0.98
A411S,-0.14,-0.73
A411T,-0.52,-1.59
A411V,-0.4,-1.54
A411W,-0.3,-1.16
A411Y,-0.93,-2.33
P412A,-1.07,-2.64
P412C,-2.35,-2.69
P412D,-3.12,-2.74
P412E,-2.2,-2.55
P412F,-3.87,-2.86
P412G,-1.6,-2.63
P412H,-2.32,-2.73
P412I,-0.92,-2.62
P412K,-0.95,-2.5
P412L,-1.15,-2.63
P412M,-1.32,-2.79
P412N,-3.32,-2.68
P412P,0,0
P412Q,-1.57,-2.56
P412R,-1.5,-2.73
P412S,-1.5,-2.58
P412T,-1.05,-2.49
P412V,-0.66,-2.36
P412W,-4.37,-2.78
P412Y,-4.47,-2.87
G413A,-0.16,-0.54
G413C,-0.06,-0.36
G413D,-0.3,-1.29
G413E,-0.2,-1.23
G413F,-0.03,-0.27
G413G,0,0
G413H,-0.06,-0.4
G413I,-0.6,-1.75
G413K,-0.13,-0.15
G413L,-0.12,-0.39
G413M,-0.07,-0.21
G413N,-0.15,0.05
G413P,-4.65,-2.72
G413Q,-0.12,-0.36
G413R,-0.08,-0.13
G413S,-0.11,-0.73
G413T,-0.47,-1.28
G413V,-0.59,-1.74
G413W,-0.41,-1.89
G413Y,-0.07,-0.28
Q414A,0.16,0.3
Q414C,-0.16,-0.48
Q414D,-0.88,-2.38
Q414E,-0.06,-0.22
Q414F,-0.53,-1.71
Q414G,-0.01,-0.03
Q414H,-0.18,-1.11
Q414I,-0.1,-0.81
Q414K,-0.04,-0.46
Q414L,-0.26,-1.17
Q414M,0.04,-0.06
Q414N,-0.36,-1.55
Q414P,-1.01,-2.49
Q414Q,0,0
Q414R,-0.04,-0.53
Q414S,0,-0.05
Q414T,0.01,-0.12
Q414V,0.01,-0.35
Q414W,-0.8,-1.93
Q414Y,-0.41,-1.29
T415A,-0.04,-0.33
T415C,-0.3,-1.15
T415D,-0.21,-0.76
T415E,-0.13,-0.5
T415F,-0.12,-1.07
T415G,-0.02,-0.61
T415H,0.05,0.13
T415I,-0.1,-0.61
T415K,0,-0.09
T415L,-0.27,-1.12
T415M,-0.09,-0.56
T415N,-0.02,-0.29
T415P,-0.29,-1.01
T415Q,-0.06,-0.1
T415R,0.05,0.02
T415S,0.01,-0.03
T415T,0,0
T415V,-0.09,-0.29
T415W,-0.25,-1.5
T415Y,-0.09,-0.86
G416A,-1.31,-1.88
G416C,-2.36,-2.16
G416D,-1.47,-2.47
G416E,-2.01,-2.64
G416F,-4.05,-1.88
G416G,0,0
G416H,-1.56,-2.12
G416I,-4.79,-1.8
G416K,-2.22,-2.51
G416L,-3.2,-1.89
G416M,-2.03,-2.12
G416N,-1.27,-2.41
G416P,-4.4,-2.68
G416Q,-1.93,-2.51
G416R,-2.89,-2.75
G416S,-1.11,-2.28
G416T,-2.02,-2.11
G416V,-4.6,-1.91
G416W,-3.21,-2.16
G416Y,-2.74,-2.06
K417A,-0.35,0.03
K417C,-0.42,-0.05
K417D,-1.04,-0.33
K417E,-0.75,-0.25
K417F,-0.13,-0.11
K417G,-0.51,-0.27
K417H,-0.17,0.1
K417I,-0.34,0.39
K417K,0,0
K417L,-0.31,0.17
K417M,-0.39,0.06
K417N,-0.45,0.1
K417P,-0.35,0
K417Q,-0.62,-0.05
K417R,-0.17,0.08
K417S,-0.46,-0.05
K417T,-0.26,0.25
K417V,-0.32,0.65
K417W,-0.31,-0.28
K417Y,-0.08,0.07
I418A,-1.46,-2.77
I418C,-1.05,-2.5
I418D,-4.8,-2.65
I418E,-4.8,-2.7
I418F,-2.66,-2.42
I418G,-4.55,-2.64
I418H,-4.76,-2.7
I418I,0,0
I418K,-4.64,-2.68
I418L,-0.73,-2
I418M,-0.76,-2.23
I418N,-4.79,-2.72
I418P,-4.73,-2.8
I418Q,-1.82,-2.76
I418R,-4.76,-2.74
I418S,-3.48,-2.7
I418T,-0.85,-2.42
I418V,-0.17,-0.59
I418W,-4.44,-2.76
I418Y,-4.57,-2.77
A419A,0,0
A419C,-0.27,-1.29
A419D,-3.23,-2.53
A419E,-3.75,-2.58
A419F,-1.07,-2.64
A419G,-0.8,-1.88
A419H,-0.77,-2.25
A419I,-0.73,-2.28
A419K,-2.04,-2.51
A419L,-2.28,-2.65
A419M,-1.11,-2.41
A419N,-0.91,-2.1
A419P,-0.22,-0.81
A419Q,-1.15,-2.08
A419R,-1.14,-2.51
A419S,-0.1,-0.68
A419T,-0.23,-1.21
A419V,-0.49,-1.64
A419W,-2.69,-2.84
A419Y,-0.86,-2.41
D420A,-0.11,-0.79
D420C,-0.27,-1.01
D420D,0,0
D420E,-0.13,-0.44
D420F,-0.32,-1.42
D420G,-0.56,-1.77
D420H,-0.29,-1.46
D420I,-0.66,-2.04
D420K,-0.05,-0.6
D420L,-0.18,-1.18
D420M,-0.14,-0.72
D420N,-0.02,-0.33
D420P,-4.55,-2.99
D420Q,-0.01,-0.18
D420R,-0.05,-0.61
D420S,-0.11,-0.53
D420T,-0.26,-1.18
D420V,-0.67,-2.05
D420W,-0.3,-1.19
D420Y,-0.3,-1.4
Y421A,-0.68,-1.75
Y421C,-0.43,-1.32
Y421D,-1.72,-2.4
Y421E,-2.08,-2.23
Y421F,-0.02,-0.05
Y421G,-0.72,-2.19
Y421H,-0.6,-1.11
Y421I,-0.47,-1.28
Y421K,-0.52,-1.54
Y421L,-0.14,-0.64
Y421M,-0.39,-0.98
Y421N,-0.18,-1.16
Y421P,-4.76,-2.57
Y421Q,-0.76,-2
Y421R,-0.63,-2.02
Y421S,-0.76,-1.87
Y421T,-1.18,-2.2
Y421V,-0.63,-1.78
Y421W,-0.61,-0.72
Y421Y,0,0
N422A,-1.36,-2.46
N422C,-2.45,-2.31
N422D,-2.64,-2.37
N422E,-4.8,-2.52
N422F,-4.8,-2.64
N422G,-2.48,-2.56
N422H,-4.8,-2.56
N422I,-4.77,-2.46
N422K,-4.73,-2.67
N422L,-4.8,-2.54
N422M,-4.34,-2.64
N422N,0,0
N422P,-4.59,-2.65
N422Q,-3.9,-2.51
N422R,-4.77,-2.58
N422S,-0.75,-1.91
N422T,-4.53,-2.49
N422V,-4.8,-2.53
N422W,-4.8,-2.24
N422Y,-4.62,-2.43
Y423A,-4.8,-2.68
Y423C,-4.57,-2.6
Y423D,-4.7,-2.61
Y423E,-4.53,-2.73
Y423F,-0.58,-1.85
Y423G,-4.72,-2.78
Y423H,-4.26,-2.76
Y423I,-2.16,-2.64
Y423K,-4.7,-2.77
Y423L,-3.11,-2.59
Y423M,-2.77,-2.67
Y423N,-4.77,-2.65
Y423P,-4.78,-2.75
Y423Q,-4.44,-2.74
Y423R,-4.79,-2.84
Y423S,-4.79,-2.76
Y423T,-4.75,-2.81
Y423V,-4.43,-2.7
Y423W,-4.52,-2.76
Y423Y,0,0
K424A,-0.21,-1.45
K424C,-0.52,-1.64
K424D,-1.75,-2.74
K424E,-2.56,-2.68
K424F,-0.9,-2.7
K424G,-0.75,-2.48
K424H,-0.08,-0.65
K424I,-2.03,-2.58
K424K,0,0
K424L,-1.11,-2.59
K424M,-0.68,-2.23
K424N,-0.3,-1.58
K424P,-1.77,-2.87
K424Q,-0.56,-2.07
K424R,-0.07,-0.63
K424S,-0.77,-1.87
K424T,-4.8,-2.05
K424V,-0.89,-2.37
K424W,-4.31,-2.82
K424Y,-0.82,-2.46
L425A,-3.04,-2.8
L425C,-0.74,-2.28
L425D,-4.8,-2.74
L425E,-4.8,-2.86
L425F,-1.38,-2.67
L425G,-4.75,-2.84
L425H,-4.8,-2.86
L425I,-0.04,-0.28
L425K,-4.8,-2.84
L425L,0,0
L425M,-0.18,-0.97
L425N,-4.14,-2.84
L425P,-3.46,-2.73
L425Q,-4.79,-2.84
L425R,-4.6,-2.86
L425S,-4.52,-2.82
L425T,-0.83,-2.5
L425V,-0.04,-0.28
L425W,-4.8,-2.72
L425Y,-4.63,-2.84
P426A,-0.18,-1.61
P426C,-0.7,-2.34
P426D,-0.48,-1.89
P426E,-0.79,-2.31
P426F,-1.6,-2.9
P426G,-0.29,-1.29
P426H,-0.68,-2.33
P426I,-1.75,-2.84
P426K,-0.58,-2.07
P426L,-1.38,-2.87
P426M,-0.93,-2.87
P426N,-0.37,-1.46
P426P,0,0
P426Q,-0.78,-2.36
P426R,-0.63,-2.33
P426S,-0.22,-1.43
P426T,-0.57,-1.95
P426V,-1.1,-2.73
P426W,-1.77,-2.89
P426Y,-1.58,-2.87
D427A,0.04,-0.37
D427C,-0.27,-1.01
D427D,0,0
D427E,0.02,-0.27
D427F,-0.13,-0.73
D427G,-0.05,-0.71
D427H,0,-0.42
D427I,-0.06,-0.38
D427K,-0.04,-0.24
D427L,0,-0.17
D427M,-0.04,-0.48
D427N,0,-0.24
D427P,-0.03,-0.31
D427Q,-0.35,-0.39
D427R,-0.02,-0.32
D427S,-0.06,-0.34
D427T,-0.08,-0.33
D427V,-0.03,-0.63
D427W,-0.13,-0.89
D427Y,-0.09,-0.85
D428A,-0.13,-0.86
D428C,-0.38,-1.47
D428D,0,0
D428E,-0.06,-0.37
D428F,-0.31,-1.64
D428G,-0.12,-0.85
D428H,-0.07,-0.6
D428I,-0.26,-1.33
D428K,-0.04,-0.47
D428L,-0.28,-1.27
D428M,-0.21,-1.39
D428N,0.01,0.18
D428P,-0.09,-0.95
D428Q,-0.12,-0.73
D428R,-0.12,-0.69
D428S,-0.08,-0.52
D428T,-0.07,-0.39
D428V,-0.21,-1.07
D428W,-0.24,-1.51
D428Y,-0.18,-1.01
F429A,-3.83,-2.86
F429C,-3.17,-2.85
F429D,-4.77,-2.93
F429E,-4.73,-2.88
F429F,0,0
F429G,-4.8,-2.84
F429H,-0.86,-2.87
F429I,-0.9,-2.47
F429K,-4.64,-2.89
F429L,-0.69,-2.17
F429M,-0.73,-2.15
F429N,-4.74,-2.93
F429P,-4.47,-2.93
F429Q,-4.41,-2.91
F429R,-4.49,-2.92
F429S,-4.79,-2.9
F429T,-3.32,-2.89
F429V,-0.93,-2.61
F429W,-0.11,-0.29
F429Y,-0.54,-1.89
T430A,-0.17,-0.91
T430C,0,-0.06
T430D,-0.56,-1.97
T430E,-0.42,-1.19
T430F,0.03,0.02
T430G,-0.68,-2.25
T430H,-0.02,-0.35
T430I,0.03,0.07
T430K,0.03,-0.21
T430L,0.01,-0.03
T430M,0.03,-0.01
T430N,-0.12,-0.87
T430P,-2.11,-2.86
T430Q,-0.07,-0.38
T430R,0,-0.14
T430S,-0.15,-0.97
T430T,0,0
T430V,-0.06,0.16
T430W,-0.18,-0.82
T430Y,0,-0.06
G431A,-4.8,-2.75
G431C,-2.77,-2.65
G431D,-4.72,-2.94
G431E,-4.8,-2.96
G431F,-4.7,-2.5
G431G,0,0
G431H,-4.8,-2.86
G431I,-4.8,-2.47
G431K,-4.8,-2.92
G431L,-4.56,-2.62
G431M,-4.61,-2.7
G431N,-4.69,-2.93
G431P,-4.8,-2.91
G431Q,-4.67,-2.91
G431R,-4.79,-2.95
G431S,-4.46,-2.95
G431T,-4.6,-2.86
G431V,-4.71,-2.61
G431W,-4.8,-2.79
G431Y,-4.56,-2.65
C432A,-1.88,-3.01
C432C,0,0
C432D,-4.71,-3.14
C432E,-3.87,-2.94
C432F,-0.89,-2.38
C432G,-4.8,-3.15
C432H,-4.55,-3.11
C432I,-0.47,-1.54
C432K,-3.88,-3.12
C432L,-0.73,-2.13
C432M,-0.77,-2.28
C432N,-4.29,-3.11
C432P,-4.63,-3.11
C432Q,-4.8,-3.01
C432R,-4.8,-3.19
C432S,-4.5,-3.17
C432T,-4.45,-3.01
C432V,-0.72,-2.35
C432W,-1.51,-2.8
C432Y,-2.42,-2.89
V433A,-1.58,-2.96
V433C,-1.77,-2.48
V433D,-4.77,-3.1
V433E,-4.52,-3.05
V433F,-4.62,-2.85
V433G,-4.78,-3.07
V433H,-4.77,-3.14
V433I,-0.12,-0.73
V433K,-4.79,-3.15
V433L,-1.56,-2.66
V433M,-1.33,-2.76
V433N,-4.57,-3.2
V433P,-4.8,-3.28
V433Q,-4.8,-3.11
V433R,-4.48,-3.12
V433S,-4.36,-3.12
V433T,-0.71,-2.69
V433V,0,0
V433W,-4.74,-2.9
V433Y,-4.48,-2.91
I434A,-0.3,-1.95
I434C,-0.22,-1.2
I434D,-3.68,-3.11
I434E,-4.66,-3.09
I434F,0.03,0.16
I434G,-0.93,-2.73
I434H,-0.6,-2.93
I434I,0,0
I434K,-2.18,-3.04
I434L,-0.05,-0.21
I434M,-0.08,-0.26
I434N,-2.93,-3.15
I434P,-4.45,-3.03
I434Q,-1.13,-3.13
I434R,-4.23,-3.13
I434S,-0.69,-2.69
I434T,-0.36,-1.76
I434V,-0.07,-0.27
I434W,-0.04,-0.36
I434Y,-0.01,-0.51
A435A,0,0
A435C,-0.63,-1.74
A435D,-3.23,-2.91
A435E,-3.36,-2.81
A435F,-0.89,-2.14
A435G,-0.36,-1.55
A435H,-0.94,-2.64
A435I,-0.75,-2.12
A435K,-1.97,-2.78
A435L,-1.53,-2.52
A435M,-0.67,-1.73
A435N,-1.13,-2.84
A435P,-4.18,-3.01
A435Q,-1.23,-2.57
A435R,-2.76,-2.82
A435S,-0.07,-0.36
A435T,-0.17,-0.73
A435V,-0.61,-1.74
A435W,-0.52,-1.49
A435Y,-0.5,-1.74
W436A,-0.75,-2.7
W436C,-1,-2.42
W436D,-2.86,-2.97
W436E,-1.37,-2.79
W436F,-0.39,-1.38
W436G,-1.29,-2.86
W436H,-0.89,-2.76
W436I,-0.76,-2.29
W436K,-0.67,-2.46
W436L,-0.78,-2.37
W436M,-0.56,-1.8
W436N,-1.49,-2.7
W436P,-4.59,-2.88
W436Q,-0.66,-2.33
W436R,-0.62,-2.36
W436S,-0.66,-2.48
W436T,-0.72,-2.31
W436V,-0.85,-2.37
W436W,0,0
W436Y,-0.49,-1.82
N437A,-0.55,-1.41
N437C,-0.42,-1.13
N437D,-1.48,-1.71
N437E,-0.96,-1.18
N437F,-4.24,-2.45
N437G,-0.56,-1.65
N437H,-1.89,-2.08
N437I,-2.21,-2.23
N437K,-0.78,-1.31
N437L,-2.15,-2.04
N437M,-1.62,-2.02
N437N,0,0
N437P,-0.36,-0.8
N437Q,-0.75,-1.5
N437R,-0.75,-1.53
N437S,-0.51,-1.57
N437T,-1.23,-2.11
N437V,-1.46,-2.08
N437W,-2.96,-2.24
N437Y,-3.62,-2.34
S438A,-0.01,-0.24
S438C,-0.38,-1.62
S438D,-2.26,-2.08
S438E,-2.21,-1.53
S438F,-2.79,-2.15
S438G,-0.65,-1.21
S438H,-2.44,-2.08
S438I,-2.39,-1.92
S438K,-2.39,-2.46
S438L,-3.43,-2.21
S438M,-1.42,-2.3
S438N,-1.41,-2.37
S438P,-4.61,-2.19
S438Q,-1.39,-2.26
S438R,-1.27,-2.81
S438S,0,0
S438T,-0.1,-0.68
S438V,-0.76,-1.71
S438W,-2.99,-1.85
S438Y,-2.56,-1.85
N439A,-0.17,-1.54
N439C,-0.12,-0.28
N439D,-1.15,-0.8
N439E,-2.66,-0.61
N439F,-1.14,-2.08
N439G,-0.5,-0.8
N439H,-0.75,-0.36
N439I,-0.25,-1.22
N439K,0.04,-0.35
N439L,-0.06,-0.73
N439M,-0.25,-0.23
N439N,0,0
N439P,-2.39,-0.82
N439Q,-0.45,-0.02
N439R,-0.03,-1.06
N439S,-1.22,-0.39
N439T,-1.08,-0.4
N439V,-0.04,-0.44
N439W,-0.58,-1.57
N439Y,-1.2,-0.36
N440A,0.01,-0.01
N440C,-0.15,-0.57
N440D,-0.02,0.07
N440E,-0.04,0.23
N440F,-0.03,-0.71
N440G,-0.01,-0.05
N440H,0.02,-0.07
N440I,-0.09,-0.24
N440K,0.07,-0.12
N440L,-0.07,-0.13
N440M,0,-0.24
N440N,0,0
N440P,-0.05,-0.62
N440Q,-0.08,-0.2
N440R,-0.03,-0.25
N440S,0.04,-0.07
N440T,-0.02,-0.1
N440V,-0.02,-0.4
N440W,-0.11,-1.08
N440Y,-0.07,-0.36
L441A,-0.11,-0.19
L441C,-0.18,-1.44
L441D,-0.03,-0.26
L441E,-0.03,-0.06
L441F,-0.07,-0.35
L441G,-0.32,-1.64
L441H,-0.12,-0.48
L441I,0.02,0.25
L441K,-0.01,-0.18
L441L,0,0
L441M,-0.03,0.06
L441N,-0.33,0.01
L441P,-0.48,-1.12
L441Q,-0.03,0.21
L441R,-0.13,-0.89
L441S,-0.63,-0.33
L441T,-0.88,-0.4
L441V,0.03,0.15
L441W,-0.05,-0.37
L441Y,-0.14,-0.5
D442A,-2.8,-2.36
D442C,-2.61,-2.62
D442D,0,0
D442E,-1.23,-1.31
D442F,-2.7,-2.67
D442G,-3.7,-2.22
D442H,-2.59,-2.31
D442I,-0.65,-2.17
D442K,-4.22,-2.37
D442L,-1.48,-2.08
D442M,-2.41,-2.27
D442N,-2.8,-2.16
D442P,-4.67,-2.31
D442Q,-4.14,-2.31
D442R,-4.11,-2.42
D442S,-2.64,-2.04
D442T,-2.42,-1.61
D442V,-1.42,-2.24
D442W,-4.8,-2.53
D442Y,-2.48,-2.3
S443A,-0.27,-0.07
S443C,-1.36,-0.36
S443D,-2.06,-1.26
S443E,-2.52,-1.37
S443F,-2.29,-1.21
S443G,-0.57,-0.18
S443H,-1.97,-1.25
S443I,-2.37,-1.17
S443K,-2.12,-1.42
S443L,-2.37,-1.17
S443M,-2.16,-1.01
S443N,-2.18,-0.19
S443P,-2.46,-1.79
S443Q,-2.14,-0.95
S443R,-2.18,-1.71
S443S,0,0
S443T,-1.14,-0.37
S443V,-1.97,-0.72
S443W,-2.39,-1.81
S443Y,-2.17,-0.95
K444A,-0.01,-0.02
K444C,-0.14,-0.22
K444D,-0.18,-0.08
K444E,-0.07,0.01
K444F,-0.13,-0.34
K444G,-0.76,-0.14
K444H,-0.05,-0.31
K444I,-0.1,-0.32
K444K,0,0
K444L,-0.1,-0.22
K444M,-0.04,-0.24
K444N,-0.12,-0.19
K444P,-1.14,-0.65
K444Q,0.01,-0.09
K444R,-0.06,-0.09
K444S,-0.09,-0.01
K444T,-0.03,0.07
K444V,-0.1,-0.19
K444W,-0.05,-0.28
K444Y,-0.08,-0.39
V445A,-0.04,-0.08
V445C,-0.8,-0.35
V445D,-0.16,0.1
V445E,-0.18,0.06
V445F,-0.1,-0.24
V445G,-0.29,-0.15
V445H,-0.02,-0.13
V445I,-0.01,-0.04
V445K,0.02,0.03
V445L,-0.03,-0.15
V445M,-0.14,-0.08
V445N,-0.06,0.03
V445P,0.03,0.05
V445Q,-0.04,-0.05
V445R,-0.01,-0.26
V445S,-0.1,-0.12
V445T,-0.02,-0.09
V445V,0,0
V445W,-0.03,-0.36
V445Y,-0.14,-0.24
G446A,-0.26,-0.26
G446C,-0.97,-0.96
G446D,-0.2,-0.1
G446E,-0.12,-0.12
G446F,-0.31,-0.49
G446G,0,0
G446H,-0.28,-0.22
G446I,-0.26,-0.62
G446K,-0.09,-0.47
G446L,-0.28,-0.6
G446M,-0.23,-0.48
G446N,-0.11,-0.16
G446P,-0.26,-0.56
G446Q,-0.17,-0.46
G446R,-0.16,-0.4
G446S,-0.2,-0.4
G446T,-0.19,-0.35
G446V,-0.27,-0.48
G446W,-0.2,-0.72
G446Y,-0.34,-0.69
G447A,-1.18,-0.28
G447C,-1.78,-0.43
G447D,-1.76,-0.19
G447E,-1.63,-0.2
G447F,-1.68,-0.65
G447G,0,0
G447H,-1.87,-0.23
G447I,-1.55,-0.5
G447K,-1.54,-0.29
G447L,-1.54,-0.44
G447M,-1.53,-0.44
G447N,-1.47,-0.43
G447P,-1.81,-0.59
G447Q,-1.59,-0.38
G447R,-1.57,-0.64
G447S,-1.24,-0.18
G447T,-1.4,-0.23
G447V,-1.52,-0.44
G447W,-1.74,-1.94
G447Y,-1.59,-0.65
N448A,-0.56,-0.66
N448C,-0.91,-0.88
N448D,-0.67,-0.28
N448E,-0.39,-0.1
N448F,-1.15,-1.26
N448G,-0.91,-0.11
N448H,-0.88,-0.41
N448I,-1.42,-1.68
N448K,-1.18,-0.68
N448L,-1.29,-1.54
N448M,-0.77,-0.8
N448N,0,0
N448P,-1.65,-0.64
N448Q,-0.42,-0.32
N448R,-1.05,-0.59
N448S,-0.89,-0.16
N448T,-0.77,-0.25
N448V,-0.87,-0.78
N448W,-1.31,-1.55
N448Y,-0.68,-0.88
Y449A,-1.3,0.05
Y449C,-1.73,-0.17
Y449D,-1.55,0.29
Y449E,-1.57,0.12
Y449F,-1.08,-0.03
Y449G,-1.28,0.06
Y449H,-1.22,0.12
Y449I,-1.44,-0.21
Y449K,-0.98,-0.03
Y449L,-1.51,-0.3
Y449M,-1.37,-0.04
Y449N,-1.22,0.07
Y449P,-1.41,0.07
Y449Q,-1.22,0.18
Y449R,-0.69,-0.02
Y449S,-1.25,0.12
Y449T,-1.16,0.09
Y449V,-1.36,-0.1
Y449W,-1.43,-0.23
Y449Y,0,0
N450A,0,-0.11
N450C,-0.33,-0.77
N450D,-0.02,0.04
N450E,-0.11,0.15
N450F,-0.26,-0.58
N450G,-0.05,-0.1
N450H,-0.08,-0.1
N450I,-0.18,-0.43
N450K,0.04,-0.01
N450L,-0.14,-0.39
N450M,-0.02,-0.29
N450N,0,0
N450P,-1.56,-0.14
N450Q,0.02,0.04
N450R,-0.06,-0.13
N450S,-0.07,-0.02
N450T,-1.11,0.08
N450V,-0.18,-0.33
N450W,-0.16,-0.61
N450Y,-0.13,-0.43
Y451A,-0.84,-1.27
Y451C,-0.64,-1.26
Y451D,-2.54,-2.21
Y451E,-1.46,-2.2
Y451F,-0.09,-0.23
Y451G,-2.37,-2.16
Y451H,-0.11,-0.42
Y451I,-0.44,-0.89
Y451K,-0.7,-1.38
Y451L,-0.29,-0.15
Y451M,-0.34,-0.58
Y451N,-0.58,-1.58
Y451P,-1.25,-1.23
Y451Q,-0.13,-0.72
Y451R,-1.23,-1.89
Y451S,-0.83,-1.45
Y451T,-1.24,-1.77
Y451V,-0.79,-1.45
Y451W,-0.85,-1.76
Y451Y,0,0
L452A,0.05,0.03
L452C,-0.06,-0.11
L452D,-0.16,-0.41
L452E,0.02,0.08
L452F,-0.01,0.05
L452G,0.02,0.02
L452H,0,0.17
L452I,0,-0.42
L452K,0.09,0.58
L452L,0,0
L452M,0.06,0.16
L452N,0.01,-0.13
L452P,-1.43,-2.45
L452Q,0.07,0.27
L452R,0.02,0.32
L452S,0.03,0.4
L452T,0.03,0.09
L452V,0.02,-0.1
L452W,-0.06,0.03
L452Y,-0.07,0.14
Y453A,-0.27,-0.87
Y453C,-0.26,-1.05
Y453D,-3.49,-2.28
Y453E,-1.18,-1.92
Y453F,0.25,-0.08
Y453G,-0.92,-2.34
Y453H,-0.07,-0.58
Y453I,-0.53,-1.83
Y453K,0.08,-0.23
Y453L,-0.17,-1.37
Y453M,-0.05,-0.67
Y453N,-0.82,-1.52
Y453P,-4.8,-2.56
Y453Q,-0.37,-1.21
Y453R,-0.3,0.01
Y453S,-0.21,-0.34
Y453T,-0.55,-1.71
Y453V,-0.11,-1
Y453W,-0.16,-1.27
Y453Y,0,0
R454A,-3.04,-2.64
R454C,-4.8,-2.33
R454D,-4.6,-2.43
R454E,-4.39,-2.38
R454F,-4.7,-2.1
R454G,-4.72,-2.4
R454H,-4.74,-2.42
R454I,-4.39,-1.58
R454K,-1.12,-2.19
R454L,-4.73,-2.15
R454M,-4.56,-2.42
R454N,-4.14,-2.55
R454P,-4.8,-2.63
R454Q,-4.8,-2.48
R454R,0,0
R454S,-4.32,-2.49
R454T,-4.41,-2.49
R454V,-4.77,-2.27
R454W,-3.9,-2.6
R454Y,-4.06,-2.59
L455A,-0.47,0.58
L455C,-0.71,0.23
L455D,-2.25,0.19
L455E,-2.05,0.26
L455F,-0.19,-0.05
L455G,-0.54,0.14
L455H,-0.76,0.36
L455I,-0.01,0.07
L455K,-1.99,0.75
L455L,0,0
L455M,0.05,0.31
L455N,-0.8,0.79
L455P,-0.95,0.13
L455Q,-0.63,NA
L455R,-1.6,0.74
L455S,-0.78,0.45
L455T,-0.78,0.15
L455V,-0.73,0.21
L455W,-0.27,-0.03
L455Y,-1.5,-0.1
F456A,-2.17,-0.1
F456C,-1.2,-0.29
F456D,-4.55,-0.69
F456E,-2.45,-0.41
F456F,0,0
F456G,-2.22,-0.19
F456H,-0.69,0.11
F456I,-1.21,-0.15
F456K,-1.38,-0.17
F456L,-0.11,-0.49
F456M,-0.22,-0.37
F456N,-2.38,-0.1
F456P,-2.69,-2.53
F456Q,-2.07,-0.35
F456R,-2.08,-0.11
F456S,-2.42,-0.35
F456T,-1.65,-0.26
F456V,-0.61,-0.16
F456W,-1.01,-0.04
F456Y,-1.5,0.48
R457A,-0.45,-1.6
R457C,-2.15,-2.21
R457D,-2.15,-2.34
R457E,-2.78,-2.26
R457F,-3.05,-2.54
R457G,-0.65,-1.97
R457H,-0.66,-1.99
R457I,-2.82,-2.34
R457K,-0.32,-1.58
R457L,-1.65,-2.34
R457M,-1.02,-2.52
R457N,-0.91,-2.06
R457P,-3.97,-2.48
R457Q,-1.32,-2.55
R457R,0,0
R457S,-0.56,-1.68
R457T,-1.86,-2.48
R457V,-3.49,-2.53
R457W,-4.11,-2.54
R457Y,-3.37,-2.45
K458A,-0.01,-0.19
K458C,-0.16,-1.03
K458D,0.09,-0.06
K458E,0.06,-0.08
K458F,-0.11,-0.92
K458G,-0.07,-0.28
K458H,0,-0.15
K458I,-0.16,-0.55
K458K,0,0
K458L,-0.12,-0.59
K458M,-0.04,-0.51
K458N,-0.12,-0.15
K458P,0.03,-0.17
K458Q,0,-0.28
K458R,-0.01,-0.15
K458S,-0.04,-0.05
K458T,0,-0.14
K458V,-0.06,-0.51
K458W,-0.24,-0.96
K458Y,-0.09,-0.69
S459A,-0.03,-0.1
S459C,-0.14,-0.25
S459D,0.01,0
S459E,0.01,0.11
S459F,-0.1,-0.69
S459G,0.05,-0.16
S459H,-0.02,-0.07
S459I,-0.09,-0.5
S459K,-0.02,0.1
S459L,-0.21,-0.92
S459M,-0.1,-0.49
S459N,0.03,0.01
S459P,-0.22,-0.83
S459Q,-0.03,0.17
S459R,-0.01,-0.06
S459S,0,0
S459T,0.01,0.09
S459V,0,-0.19
S459W,-0.21,-1.04
S459Y,-0.09,-0.62
N460A,0.03,0.02
N460C,-0.07,-0.27
N460D,-0.06,-0.42
N460E,-0.03,-0.26
N460F,-0.09,-0.44
N460G,-0.09,-0.79
N460H,0.02,-0.02
N460I,0.02,-0.08
N460K,0.09,0.16
N460L,-0.05,-0.17
N460M,-0.04,-0.29
N460N,0,0
N460P,-0.01,0.07
N460Q,0.02,-0.15
N460R,0.06,0.09
N460S,-0.08,-0.15
N460T,-0.16,-0.05
N460V,0.05,-0.08
N460W,-0.29,-1.04
N460Y,-0.04,-0.32
L461A,-1,-2.29
L461C,-0.63,-1.78
L461D,-4.8,-2.36
L461E,-4.12,-2.34
L461F,-0.88,-2.19
L461G,-3.34,-2.37
L461H,-2.22,-2.47
L461I,-0.01,0
L461K,-3.78,-2.4
L461L,0,0
L461M,-0.22,-0.82
L461N,-0.98,-2.27
L461P,-3.7,-2.55
L461Q,-2.11,-2.73
L461R,-4.8,-2.61
L461S,-1.31,-2.41
L461T,-0.75,-2.04
L461V,-0.04,-0.28
L461W,-4.56,-2.52
L461Y,-1.14,-2.47
K462A,-0.07,-0.15
K462C,-0.11,-0.59
K462D,-0.08,-0.46
K462E,-0.01,-0.03
K462F,-0.09,-0.76
K462G,-0.06,-0.39
K462H,-0.24,-0.21
K462I,-0.13,-0.8
K462K,0,0
K462L,-0.07,-0.21
K462M,-0.04,-0.26
K462N,-0.08,-0.33
K462P,-0.34,-1.23
K462Q,-0.02,-0.15
K462R,-0.05,-0.13
K462S,-0.09,-0.28
K462T,-0.05,-0.32
K462V,-0.08,-0.66
K462W,-0.21,-1.78
K462Y,-0.08,-0.63
P463A,-0.07,-0.48
P463C,-0.57,-1.62
P463D,-0.47,-1.71
P463E,-0.32,-1.23
P463F,-0.53,-1.67
P463G,-0.2,-1.11
P463H,-0.53,-1.82
P463I,-0.74,-1.76
P463K,-0.63,-1.94
P463L,-0.84,-1.9
P463M,-0.71,-1.82
P463N,-0.53,-1.98
P463P,0,0
P463Q,-0.44,-1.67
P463R,-0.75,-2.04
P463S,-0.2,-1.06
P463T,-0.59,-1.81
P463V,-0.6,-1.58
P463W,-0.57,-0.81
P463Y,-0.56,-1.81
F464A,-0.16,-0.94
F464C,-0.29,-1.35
F464D,-0.39,-1.44
F464E,-0.29,-1.13
F464F,0,0
F464G,-0.02,-0.02
F464H,-0.07,-0.44
F464I,-0.66,-1.91
F464K,-0.51,-1.71
F464L,-0.12,-0.72
F464M,-0.06,-0.52
F464N,-0.11,-0.65
F464P,-2.14,-2.4
F464Q,-0.12,-0.85
F464R,-0.23,-1.21
F464S,-0.18,-0.75
F464T,-0.35,-1.32
F464V,-0.57,-1.91
F464W,-0.1,-0.34
F464Y,-0.04,0.19
E465A,-0.18,-1.03
E465C,-0.44,-1.47
E465D,-0.12,-0.57
E465E,0,0
E465F,-0.64,-2.04
E465G,-0.11,-0.79
E465H,-0.23,-0.96
E465I,-0.66,-2.45
E465K,-0.51,-1.78
E465L,-0.68,-2.29
E465M,-0.29,-1.41
E465N,-0.39,-1.32
E465P,-4.41,-2.59
E465Q,-0.02,0.01
E465R,-0.6,-1.71
E465S,-0.29,-1.51
E465T,-0.13,-1.09
E465V,-0.45,-2
E465W,-0.69,-2.19
E465Y,-0.65,-1.87
R466A,-0.6,-1.7
R466C,-0.38,-1.41
R466D,-1.21,-2.48
R466E,-0.74,-2.2
R466F,-0.74,-2.18
R466G,-0.97,-2.34
R466H,-0.2,-0.97
R466I,-0.35,-1.44
R466K,-0.03,-0.22
R466L,-0.36,-1.44
R466M,-0.25,-1.35
R466N,-0.63,-1.89
R466P,-1.26,-2.42
R466Q,-0.08,-0.36
R466R,0,0
R466S,-0.46,-1.41
R466T,-0.52,-1.75
R466V,-0.41,-1.73
R466W,-0.58,-1.83
R466Y,-0.58,-2.01
D467A,-1.29,-2.49
D467C,-0.84,-2.47
D467D,0,0
D467E,-0.8,-2.27
D467F,-1.36,-2.85
D467G,-1.55,-2.54
D467H,-1.2,-2.47
D467I,-1.59,-2.81
D467K,-4.03,-2.48
D467L,-2.71,-2.78
D467M,-2.27,-2.75
D467N,-1.14,-2.02
D467P,-3.73,-2.43
D467Q,-1.6,-2.51
D467R,-3.95,-2.55
D467S,-0.92,-2.39
D467T,-1.63,-2.61
D467V,-1.09,-2.75
D467W,-2.67,-2.78
D467Y,-1.54,-2.77
I468A,-0.11,-0.37
I468C,-0.09,-0.31
I468D,-0.08,-0.16
I468E,-0.11,0.02
I468F,-0.19,-1.04
I468G,-0.21,-0.88
I468H,-0.18,-0.87
I468I,0,0
I468K,-0.06,-0.5
I468L,-0.04,-0.03
I468M,0.07,-0.19
I468N,-0.03,-0.07
I468P,-0.22,-0.83
I468Q,0,-0.26
I468R,-0.12,-0.43
I468S,-0.07,-0.36
I468T,-0.14,0.17
I468V,-0.03,0.07
I468W,-0.3,-1.25
I468Y,-0.21,-0.85
S469A,-0.06,-0.66
S469C,-0.22,-0.91
S469D,-0.03,-0.37
S469E,-0.09,-0.7
S469F,-0.65,-2.14
S469G,-0.05,-0.29
S469H,-0.37,-1.12
S469I,-0.65,-2
S469K,-0.15,-0.7
S469L,-0.48,-1.79
S469M,-0.29,-1.75
S469N,-0.08,-0.35
S469P,-2.57,-2.41
S469Q,-0.08,-0.97
S469R,-0.15,-0.56
S469S,0,0
S469T,0.03,-0.11
S469V,-0.51,-1.64
S469W,-0.81,-2.16
S469Y,-0.56,-1.96
T470A,-0.04,-0.25
T470C,-0.07,-0.22
T470D,-0.07,-0.27
T470E,0.01,-0.07
T470F,-0.12,-0.92
T470G,-0.12,-0.51
T470H,-0.06,-0.31
T470I,-0.09,-0.47
T470K,-0.02,-0.2
T470L,-0.09,-0.35
T470M,-0.07,-0.25
T470N,-0.02,-0.18
T470P,-0.25,-1.09
T470Q,0.03,-0.08
T470R,-0.03,-0.17
T470S,-0.02,-0.2
T470T,0,0
T470V,-0.09,-0.33
T470W,-0.2,-1.05
T470Y,-0.07,-0.53
E471A,-0.1,-0.28
E471C,-0.41,-0.79
E471D,0.01,0.05
E471E,0,0
E471F,-0.07,-0.76
E471G,-0.08,-0.26
E471H,-0.07,-0.25
E471I,-0.15,-0.84
E471K,-0.15,-0.35
E471L,-0.18,-0.96
E471M,-0.11,-0.65
E471N,-0.03,-0.13
E471P,-0.16,-0.88
E471Q,-0.06,-0.19
E471R,-0.12,-0.53
E471S,-0.04,-0.22
E471T,-0.06,-0.22
E471V,-0.06,-0.49
E471W,-0.28,-1.19
E471Y,-0.14,-0.82
I472A,-0.69,-0.5
I472C,-0.95,-0.42
I472D,-2.09,-0.9
I472E,-1.34,-0.93
I472F,-0.23,-0.52
I472G,-2.17,-0.77
I472H,-0.37,-0.91
I472I,0,0
I472K,-0.99,-0.88
I472L,-0.1,-0.13
I472M,0.02,-0.2
I472N,-1.11,-0.84
I472P,-0.49,-0.07
I472Q,-0.59,-0.85
I472R,-1.42,-1.02
I472S,-1.04,-0.79
I472T,-0.18,-0.39
I472V,-0.38,-0.12
I472W,-0.71,-0.5
I472Y,-0.23,-0.43
Y473A,-2.18,-0.91
Y473C,-2.1,-1
Y473D,-2.72,-0.65
Y473E,-1.86,-0.71
Y473F,-0.16,-0.1
Y473G,-2.74,-1.21
Y473H,-0.16,-0.3
Y473I,-1.23,-0.44
Y473K,-2.59,-1.26
Y473L,-0.65,-0.57
Y473M,-0.66,-0.49
Y473N,-2.23,-0.88
Y473P,-4.8,-0.97
Y473Q,-1.95,-0.84
Y473R,-2.59,-1.25
Y473S,-2.13,-0.99
Y473T,-1.85,-0.93
Y473V,-1.2,-0.26
Y473W,-0.81,-0.31
Y473Y,0,0
Q474A,-0.06,-0.39
Q474C,-1.18,-1.1
Q474D,-0.14,-0.38
Q474E,-0.08,-0.24
Q474F,-0.93,-1.5
Q474G,-0.13,-0.53
Q474H,-0.18,-0.55
Q474I,-0.51,-1.35
Q474K,-0.12,-0.57
Q474L,-0.74,-1.69
Q474M,-0.18,-0.68
Q474N,-0.04,-0.18
Q474P,-0.16,-0.33
Q474Q,0,0
Q474R,-0.12,-0.65
Q474S,-0.13,-0.26
Q474T,-0.16,-0.59
Q474V,-0.28,-0.97
Q474W,-0.54,-2.03
Q474Y,-0.65,-1.5
A475A,0,0
A475C,-0.66,-0.36
A475D,-2.01,-0.23
A475E,-0.48,-0.21
A475F,-1.38,-0.29
A475G,-0.13,-0.14
A475H,-1.98,-0.9
A475I,-0.48,-0.27
A475K,-1.06,-0.26
A475L,-1.27,-0.31
A475M,-0.38,-0.16
A475N,-1.67,0.17
A475P,-1.62,-1.39
A475Q,-0.8,-0.49
A475R,-0.86,-0.28
A475S,-0.1,-0.19
A475T,-0.36,-0.29
A475V,-0.14,-0.21
A475W,-2.26,-1.09
A475Y,-1.69,-0.44
G476A,-0.26,-0.31
G476C,-1.89,-1.32
G476D,-0.54,-0.23
G476E,-1.35,-0.53
G476F,-1.22,-1.64
G476G,0,0
G476H,-0.38,-0.92
G476I,-2.31,-1.79
G476K,-1.68,-0.72
G476L,-2.51,-1.62
G476M,-1.67,-1.19
G476N,-0.84,-0.48
G476P,-2.56,-1.26
G476Q,-1.12,-0.65
G476R,-1.18,-0.87
G476S,-0.02,-0.06
G476T,-0.89,-0.33
G476V,-1.96,-1.32
G476W,-0.57,-1.42
G476Y,-0.98,-1.6
S477A,-0.07,-0.01
S477C,-0.44,-0.4
S477D,0.09,0.12
S477E,-0.04,0.36
S477F,-0.05,-0.25
S477G,-0.06,-0.17
S477H,-0.02,-0.12
S477I,-0.06,-0.23
S477K,0.03,-0.26
S477L,-0.02,-0.23
S477M,-0.07,-0.26
S477N,0.06,0.06
S477P,0.06,-0.03
S477Q,-0.01,-0.15
S477R,-0.03,-0.12
S477S,0,0
S477T,-0.01,-0.04
S477V,-0.05,-0.21
S477W,0.02,-0.43
S477Y,-0.02,-0.42
T478A,-0.03,-0.11
T478C,-0.25,-0.28
T478D,-0.06,-0.17
T478E,-0.07,-0.04
T478F,-0.08,-0.26
T478G,-0.12,-0.32
T478H,-0.02,-0.22
T478I,-0.04,-0.16
T478K,0.02,0.02
T478L,-0.08,-0.2
T478M,-0.02,-0.3
T478N,-0.06,-0.26
T478P,-0.31,-0.63
T478Q,0.01,-0.04
T478R,-0.04,-0.09
T478S,-0.01,-0.09
T478T,0,0
T478V,-0.06,-0.2
T478W,-0.11,-0.56
T478Y,-0.04,-0.31
P479A,-0.02,-0.17
P479C,-0.17,-0.62
P479D,-0.03,-0.06
P479E,0.02,-0.16
P479F,-0.11,-0.73
P479G,-0.04,-0.44
P479H,-0.07,-0.32
P479I,-0.13,-0.37
P479K,-0.03,-0.11
P479L,-0.06,-0.35
P479M,-0.05,-0.3
P479N,-0.05,-0.23
P479P,0,0
P479Q,-0.03,-0.16
P479R,-0.06,-0.24
P479S,-0.03,-0.2
P479T,-0.1,-0.29
P479V,-0.07,-0.33
P479W,-0.29,-1.31
P479Y,-0.08,-0.49
C480A,-3.45,-1.35
C480C,0,0
C480D,-3.29,-1
C480E,-3.59,-0.99
C480F,-3.84,-1.81
C480G,-3.44,-1.26
C480H,-3.65,-1.67
C480I,-3.81,-1.27
C480K,-3.72,-1.28
C480L,-3.86,-1.43
C480M,-3.94,-1.54
C480N,-3.47,-1.18
C480P,-3.52,-1.14
C480Q,-3.8,-1.01
C480R,-3.56,-1.44
C480S,-3.38,-1.43
C480T,-3.49,-0.91
C480V,-3.35,-1.39
C480W,-3.62,-1.86
C480Y,-3.55,-1.56
N481A,-0.06,-0.2
N481C,-0.17,-0.34
N481D,-0.07,-0.08
N481E,-0.08,-0.15
N481F,-0.08,-0.29
N481G,-0.08,0.04
N481H,-0.02,-0.16
N481I,-0.19,-0.81
N481K,0.01,-0.11
N481L,-0.05,-0.42
N481M,-0.02,-0.39
N481N,0,0
N481P,-0.29,-0.95
N481Q,-0.04,-0.03
N481R,0.02,-0.09
N481S,-0.04,-0.16
N481T,-0.11,-0.26
N481V,-0.12,-0.49
N481W,-0.09,-1.05
N481Y,-0.08,-0.32
G482A,-0.08,-0.35
G482C,-0.3,-0.74
G482D,-0.02,-0.14
G482E,-0.03,-0.1
G482F,-0.23,-0.85
G482G,0,0
G482H,-0.06,-0.66
G482I,-0.57,-1.1
G482K,-0.06,-0.27
G482L,-0.19,-0.99
G482M,-0.25,-1.11
G482N,-0.02,-0.07
G482P,-0.53,-0.72
G482Q,0.04,-0.31
G482R,-0.1,-0.65
G482S,-0.08,-0.3
G482T,-0.21,-0.5
G482V,-0.45,-1.11
G482W,-0.36,-1.68
G482Y,-0.2,-0.96
V483A,-0.03,0.09
V483C,-0.05,-0.22
V483D,-0.02,-0.1
V483E,-0.03,-0.01
V483F,-0.01,-0.31
V483G,-0.04,-0.21
V483H,0,-0.09
V483I,-0.03,-0.14
V483K,0.05,0.14
V483L,0.06,-0.02
V483M,-0.01,0.03
V483N,0.03,-0.06
V483P,-0.7,-0.44
V483Q,0.05,0.08
V483R,0.05,-0.06
V483S,-0.08,0.08
V483T,-0.17,0.3
V483V,0,0
V483W,-0.17,-0.83
V483Y,-0.05,-0.26
E484A,-0.07,-0.23
E484C,-0.52,-0.61
E484D,-0.38,-0.19
E484E,0,0
E484F,-1.43,-0.63
E484G,-0.06,-0.42
E484H,-0.55,-0.29
E484I,-0.64,-0.27
E484K,0.06,-0.1
E484L,-0.71,-0.2
E484M,-0.26,-0.24
E484N,-0.08,-0.19
E484P,-0.28,-0.02
E484Q,0.03,-0.08
E484R,0.15,-0.12
E484S,-0.02,-0.18
E484T,0.05,-0.03
E484V,-0.65,-0.05
E484W,-0.78,-0.77
E484Y,-1.51,-0.63
G485A,-0.19,-0.21
G485C,-0.59,-0.55
G485D,-0.58,-0.22
G485E,-0.43,-0.4
G485F,-0.8,-1.25
G485G,0,0
G485H,-0.45,-0.45
G485I,-0.66,-1.22
G485K,-0.02,-0.1
G485L,-0.64,-1.07
G485M,-0.28,-0.56
G485N,-0.43,-0.4
G485P,-1.53,-0.68
G485Q,-0.11,-0.23
G485R,-0.18,-0.54
G485S,-0.2,-0.11
G485T,-0.22,-0.21
G485V,-0.67,-1.16
G485W,-0.57,-1.17
G485Y,-0.7,-1.17
F486A,-0.34,0.1
F486C,-1.2,-0.07
F486D,-1.69,0.11
F486E,-1.63,0.28
F486F,0,0
F486G,-0.77,-0.08
F486H,-0.42,0.05
F486I,-0.38,0.04
F486K,-0.62,0.18
F486L,-0.47,0.03
F486M,-0.53,0.04
F486N,-0.82,0.04
F486P,-0.18,0.22
F486Q,-0.72,0.22
F486R,-0.38,0.15
F486S,-0.63,0.13
F486T,-0.71,0.13
F486V,-0.43,0.07
F486W,-0.23,-0.12
F486Y,-0.34,0.04
N487A,-1.74,-0.22
N487C,-2.41,-0.49
N487D,-1.08,0.07
N487E,-2.06,-0.01
N487F,-2.29,-0.63
N487G,-1.59,0.1
N487H,-1.87,-0.3
N487I,-2.77,-1.7
N487K,-2.3,-0.09
N487L,-2.2,-0.37
N487M,-2.12,-0.27
N487N,0,0
N487P,-2.64,-1.34
N487Q,-2.09,0.15
N487R,-2.3,-0.25
N487S,-1.51,-0.2
N487T,-1.93,-0.38
N487V,-2.47,-1.64
N487W,-2.39,-0.53
N487Y,-2.3,-0.72
C488A,-2.97,-1.3
C488C,0,0
C488D,-4.54,-0.98
C488E,-3.57,-1.19
C488F,-4.75,-1.81
C488G,-4.3,-1.28
C488H,-3.61,-1.59
C488I,-4.79,-1.8
C488K,-2.93,-1.38
C488L,-4.34,-1.63
C488M,-3.61,-1.59
C488N,-3.09,-1.01
C488P,-4.78,-1.33
C488Q,-2.84,-1.47
C488R,-2.84,-1.29
C488S,-2.84,-1.15
C488T,-3.34,-1.34
C488V,-4.55,-1.72
C488W,-4.61,-1.51
C488Y,-4.69,-1.72
Y489A,-2.46,-0.31
Y489C,-3.24,-0.16
Y489D,-3.37,-0.56
Y489E,-3.98,-0.28
Y489F,-0.95,-0.12
Y489G,-4.32,-0.83
Y489H,-0.66,0.11
Y489I,-2.22,-0.05
Y489K,-4.33,-0.04
Y489L,-2.2,-0.1
Y489M,-1.98,-0.06
Y489N,-2.57,-0.16
Y489P,-2.26,-0.36
Y489Q,-2.2,-0.18
Y489R,-3.79,-0.1
Y489S,-4.8,0.06
Y489T,-4.61,0.04
Y489V,-2.15,-0.1
Y489W,-0.68,-0.1
Y489Y,0,0
F490A,0.03,0.03
F490C,-0.11,-0.4
F490D,-0.08,-0.33
F490E,-0.12,-0.18
F490F,0,0
F490G,-0.08,-0.46
F490H,-0.05,-0.04
F490I,-0.16,-0.47
F490K,0.09,-0.07
F490L,-0.11,-0.35
F490M,-0.03,-0.2
F490N,0.02,0.03
F490P,-0.09,-0.13
F490Q,-0.02,0.02
F490R,0.01,-0.05
F490S,0,-0.1
F490T,-0.04,-0.25
F490V,-0.08,-0.36
F490W,-0.05,-0.03
F490Y,0.06,0.1
P491A,-0.45,-1.54
P491C,-1.45,-1.89
P491D,-2.34,-1.89
P491E,-0.71,-2.04
P491F,-4.75,-2.47
P491G,-0.93,-1.75
P491H,-3.76,-2.33
P491I,-3.99,-2.46
P491K,-4.39,-2.61
P491L,-4.65,-2.43
P491M,-2.02,-2.38
P491N,-2.05,-1.9
P491P,0,0
P491Q,-1.34,-1.99
P491R,-4.8,-2.44
P491S,-0.57,-1.49
P491T,-1.58,-1.64
P491V,-1.77,-2.34
P491W,-4.49,-2.26
P491Y,-4.8,-2.54
L492A,-4.06,-2.22
L492C,-0.77,-2
L492D,-4.15,-2.45
L492E,-3.08,-2.47
L492F,-0.52,-0.95
L492G,-4.17,-2.45
L492H,-1.25,-2.14
L492I,0.03,-0.36
L492K,-1.52,-2.39
L492L,0,0
L492M,-0.27,-1.07
L492N,-1.21,-1.53
L492P,-4.78,-2.47
L492Q,-1.19,-2.36
L492R,-1.21,-2.28
L492S,-3.32,-2.41
L492T,-0.78,-1.86
L492V,-0.17,-0.86
L492W,-1.9,-2.54
L492Y,-1.16,-2.28
Q493A,0.13,0.06
Q493C,-0.03,-0.46
Q493D,-1.57,-0.1
Q493E,-0.56,-0.02
Q493F,0.06,-0.74
Q493G,0.01,-0.08
Q493H,-0.01,-0.17
Q493I,-0.08,-0.39
Q493K,0.05,0.03
Q493L,0.05,-0.44
Q493M,0.18,-0.07
Q493N,-0.21,-0.23
Q493P,-0.72,-2.1
Q493Q,0,0
Q493R,-0.09,-0.06
Q493S,-0.18,-0.05
Q493T,-0.08,-0.09
Q493V,0.05,-0.1
Q493W,-0.14,-0.76
Q493Y,0.12,-0.97
S494A,0.03,0.01
S494C,-0.11,-0.73
S494D,-1.1,-0.61
S494E,-0.07,-0.36
S494F,-0.19,-0.94
S494G,-0.34,-0.15
S494H,0.06,-0.17
S494I,-0.64,-0.96
S494K,0.05,-0.03
S494L,-0.35,-1.02
S494M,-0.03,-0.87
S494N,-0.02,-0.14
S494P,0,-0.02
S494Q,-0.01,0.03
S494R,0.05,-0.08
S494S,0,0
S494T,-0.01,-0.12
S494V,-0.21,-0.42
S494W,-0.25,-0.92
S494Y,-0.1,-0.44
Y495A,-2.35,-1.83
Y495C,-2.33,-2.1
Y495D,-2.61,-2.15
Y495E,-2.6,-1.59
Y495F,-0.5,-1.75
Y495G,-3.93,-1.85
Y495H,-1.1,-1.11
Y495I,-1.54,-2.01
Y495K,-2.14,-1.92
Y495L,-1.65,-2.13
Y495M,-0.87,-1.54
Y495N,-1.43,-2.09
Y495P,-2.67,-2.02
Y495Q,-1.98,-1.68
Y495R,-1.59,-2.08
Y495S,-2.43,-2.02
Y495T,-2.14,-2.04
Y495V,-1.91,-1.91
Y495W,-0.82,-1.87
Y495Y,0,0
G496A,-0.53,0.07
G496C,-1.42,-0.06
G496D,-2.21,0.03
G496E,-2.33,0.02
G496F,-2.12,-0.32
G496G,0,0
G496H,-1.52,-0.11
G496I,-1.51,-0.02
G496K,-1.65,0.14
G496L,-1.7,-0.17
G496M,-1.62,-0.1
G496N,-0.35,0.04
G496P,-2.1,-0.63
G496Q,-1.58,0.05
G496R,-1.63,0.13
G496S,-0.63,0.12
G496T,-1.46,0.12
G496V,-1.05,-0.04
G496W,-1.63,-0.43
G496Y,-2,-0.15
F497A,-4.8,-1.95
F497C,-4.78,-2.35
F497D,-4.63,-2.21
F497E,-4.8,-2.15
F497F,0,0
F497G,-3.84,-2.14
F497H,-3.07,-2.17
F497I,-4.8,-2.22
F497K,-4.8,-2.01
F497L,-2.05,-2.06
F497M,-2.35,-2.17
F497N,-4.42,-2.04
F497P,-4.8,-2.04
F497Q,-4.75,-2.06
F497R,-4.8,-2.31
F497S,-4.8,-2.05
F497T,-4.8,-1.91
F497V,-4.73,-2.15
F497W,-1.81,-1.43
F497Y,-0.59,-1.76
Q498A,-0.05,0.05
Q498C,-1.41,-0.44
Q498D,-1.27,0.45
Q498E,-0.98,-0.06
Q498F,0.15,0.05
Q498G,-0.61,-0.09
Q498H,0.3,0.16
Q498I,-1.48,-0.12
Q498K,-2.26,0.05
Q498L,-1.58,-0.14
Q498M,-0.51,-0.1
Q498N,-0.5,-0.1
Q498P,-3.14,-1.29
Q498Q,0,0
Q498R,-0.06,-0.1
Q498S,-0.17,-0.45
Q498T,-0.67,-0.21
Q498V,-1.24,-0.11
Q498W,0.07,-0.41
Q498Y,0.16,0.06
P499A,-0.47,-0.52
P499C,-1.07,-0.83
P499D,-0.92,-0.21
P499E,-1.1,-0.06
P499F,-0.41,-0.94
P499G,-1.02,-0.23
P499H,-0.47,-0.51
P499I,-0.46,-1.07
P499K,-0.12,-0.41
P499L,-0.36,-0.61
P499M,-0.46,-0.53
P499N,-0.37,-0.34
P499P,0,0
P499Q,-0.59,-0.27
P499R,-0.14,-0.58
P499S,-0.23,-0.24
P499T,-0.15,-0.35
P499V,-0.37,-0.41
P499W,-0.99,-1.08
P499Y,-0.36,-0.58
T500A,-0.56,-0.02
T500C,-1.6,-0.33
T500D,-1.99,-0.01
T500E,-1.14,0.01
T500F,-0.98,-0.26
T500G,-0.93,0.06
T500H,-0.88,-0.19
T500I,-2.3,-0.48
T500K,-0.8,-0.11
T500L,-1.52,-0.29
T500M,-0.75,-0.31
T500N,-1.2,-0.04
T500P,-1.12,-0.98
T500Q,-0.44,-0.02
T500R,-1.12,-0.34
T500S,-0.32,0
T500T,0,0
T500V,-1.89,-0.42
T500W,-0.43,-0.42
T500Y,-0.97,-0.28
N501A,-0.06,0.07
N501C,-0.58,-0.47
N501D,-2.42,0.08
N501E,-0.79,-0.42
N501F,0.29,-0.1
N501G,-0.94,-0.32
N501H,0,-0.24
N501I,-0.08,-0.7
N501K,-2.79,-0.1
N501L,-1.15,-0.04
N501M,0,0.33
N501N,0,0
N501P,-1.95,-0.62
N501Q,-0.06,0.14
N501R,-2.08,-0.07
N501S,-0.13,-0.03
N501T,0.1,-0.25
N501V,0.15,-0.19
N501W,0.11,0.1
N501Y,0.24,-0.14
G502A,-2.8,0.08
G502C,-3.11,-0.25
G502D,-4.16,0.64
G502E,-4.67,0.54
G502F,-4.8,-0.19
G502G,0,0
G502H,-4.47,0.05
G502I,-4.66,0.03
G502K,-4.16,0.24
G502L,-4.8,-0.16
G502M,-4.8,-0.09
G502N,-4.38,0.25
G502P,-4.55,0.25
G502Q,-4.68,0.16
G502R,-4.8,0.1
G502S,-2.7,0.28
G502T,-4.8,0.15
G502V,-4.8,0.1
G502W,-4.8,-0.29
G502Y,-4.8,-0.27
V503A,-0.06,-0.1
V503C,-0.06,-0.22
V503D,-0.07,-0.11
V503E,-0.2,0.07
V503F,-0.01,-0.38
V503G,-0.16,-0.49
V503H,-0.07,-0.33
V503I,0.05,-0.05
V503K,0.1,0.01
V503L,0.03,0.04
V503M,0.1,-0.12
V503N,-0.08,-0.29
V503P,-0.88,-1.66
V503Q,-0.01,-0.11
V503R,0.01,-0.15
V503S,-0.64,-0.21
V503T,-1.08,-0.12
V503V,0,0
V503W,-0.09,-0.61
V503Y,-0.01,-0.57
G504A,-0.18,0.01
G504C,-0.9,-0.56
G504D,-0.27,0.3
G504E,-0.64,0.09
G504F,-0.51,-0.67
G504G,0,0
G504H,-0.49,-0.13
G504I,-1.67,-0.3
G504K,-0.42,0.04
G504L,-0.51,-0.03
G504M,-0.36,0.01
G504N,-0.13,0.01
G504P,-0.3,-0.16
G504Q,-0.42,0
G504R,-0.38,-0.11
G504S,-0.2,-0.08
G504T,-0.45,-0.2
G504V,-1.41,-0.48
G504W,-0.47,-0.58
G504Y,-0.5,-0.7
Y505A,-2.43,0.12
Y505C,-2.36,0.12
Y505D,-3.07,0.41
Y505E,-3.17,0.56
Y505F,-0.15,-0.01
Y505G,-4.65,0.37
Y505H,-0.71,0.16
Y505I,-3.19,-0.42
Y505K,-2.71,0.13
Y505L,-2.51,0.03
Y505M,-2.32,0.07
Y505N,-2,0.56
Y505P,-4.09,-1.09
Y505Q,-2.29,0.21
Y505R,-2.47,0.02
Y505S,-2.37,0.28
Y505T,-3.46,-0.02
Y505V,-2.46,-0.26
Y505W,0.13,-0.04
Y505Y,0,0
Q506A,-1.45,-0.83
Q506C,-2.07,-1.93
Q506D,-2.64,-0.74
Q506E,-2.2,-0.8
Q506F,-2.78,-2.19
Q506G,-2.37,-1.33
Q506H,-0.84,-0.88
Q506I,-2.53,-2.05
Q506K,-1.46,-1.69
Q506L,-1.46,-1.81
Q506M,-0.57,-1.02
Q506N,-0.28,-0.96
Q506P,-4.8,-2.08
Q506Q,0,0
Q506R,-1.62,-1.88
Q506S,-1.57,-1.28
Q506T,-2.29,-1.74
Q506V,-2.32,-1.82
Q506W,-2.29,-2.14
Q506Y,-2.86,-2.14
P507A,-0.75,-0.88
P507C,-2.31,-2.2
P507D,-4.13,-2.46
P507E,-4.8,-2.39
P507F,-4.8,-2.18
P507G,-3.07,-2.57
P507H,-4.41,-2.62
P507I,-4.68,-2.43
P507K,-4.8,-2.34
P507L,-4.8,-1.83
P507M,-4.43,-2.05
P507N,-4.8,-2.62
P507P,0,0
P507Q,-4.61,-2.49
P507R,-4.8,-2.8
P507S,-1.29,-1.7
P507T,-4.45,-2.41
P507V,-4.31,-2.5
P507W,-4.61,-2.07
P507Y,-4.8,-2.24
Y508A,-0.4,-0.85
Y508C,-0.33,-1.02
Y508D,-3.08,-2.15
Y508E,-1.14,-2.45
Y508F,0.02,-0.16
Y508G,-4.7,-2.79
Y508H,0.07,0.14
Y508I,-0.57,-1.52
Y508K,-1.23,-2.14
Y508L,-0.52,-1.72
Y508M,-0.18,-0.86
Y508N,-0.19,-0.98
Y508P,-4.68,-2.67
Y508Q,-0.38,-1.32
Y508R,-0.77,-2.26
Y508S,-0.4,-1.43
Y508T,-0.27,-1
Y508V,-0.25,-0.98
Y508W,-0.17,-0.45
Y508Y,0,0
R509A,-4.15,-2.5
R509C,-3.7,-2.31
R509D,-4.8,-2.78
R509E,-4.8,-2.53
R509F,-4.65,-2.44
R509G,-4.8,-2.66
R509H,-1,-2.51
R509I,-3.76,-2.67
R509K,-1.11,-2.05
R509L,-4.74,-2.88
R509M,-4.74,-2.59
R509N,-4.7,-2.23
R509P,-4.72,-2.8
R509Q,-3.21,-2.54
R509R,0,0
R509S,-3.5,-2.58
R509T,-2.06,-2.45
R509V,-2.49,-2.47
R509W,-4.8,-2.59
R509Y,-4.8,-2.06
V510A,-0.83,-2.61
V510C,-0.14,-1.86
V510D,-4.8,-3.36
V510E,-3.61,-3.05
V510F,-1.77,-2.65
V510G,-4.8,-2.92
V510H,-3.88,-3.08
V510I,-0.16,-0.76
V510K,-4.56,-3.14
V510L,-0.6,-2.2
V510M,-0.53,-2.03
V510N,-4.5,-2.98
V510P,-4.53,-3.2
V510Q,-4.6,-3.05
V510R,-4.39,-3.12
V510S,-4.42,-2.99
V510T,-0.47,-2.91
V510V,0,0
V510W,-4.35,-2.79
V510Y,-4.6,-2.65
V511A,-0.78,-2.59
V511C,-0.65,-2.53
V511D,-4.46,-2.81
V511E,-4.04,-2.99
V511F,-1.8,-2.6
V511G,-4.8,-3.06
V511H,-3.32,-2.89
V511I,-0.4,-1.2
V511K,-4.8,-3.06
V511L,-0.83,-2.06
V511M,-0.85,-2.6
V511N,-3.81,-2.91
V511P,-4.19,-3.24
V511Q,-2.99,-2.87
V511R,-4.8,-3
V511S,-3.42,-2.93
V511T,-0.89,-2.7
V511V,0,0
V511W,-3.2,-2.79
V511Y,-2.27,-2.42
V512A,-0.72,-2.6
V512C,-0.66,-1.78
V512D,-1.6,-3.44
V512E,-4.06,-3.21
V512F,-4.79,-2.88
V512G,-4.67,-3.06
V512H,-4.24,-3.05
V512I,-0.22,-0.69
V512K,-4.33,-3.01
V512L,-3.97,-2.79
V512M,-4.34,-2.63
V512N,-4.38,-3.13
V512P,-3.68,-3.45
V512Q,-4.14,-3
V512R,-4.8,-3
V512S,-1.23,-3.01
V512T,-0.71,-2.81
V512V,0,0
V512W,-4.31,-2.84
V512Y,-4.15,-2.99
L513A,-3.14,-2.92
L513C,-1.94,-2.78
L513D,-3.15,-3.74
L513E,-2.52,-3.53
L513F,-0.34,-1.08
L513G,-4.8,-3.05
L513H,-3.61,-3.07
L513I,-0.13,-0.54
L513K,-2.51,-3.39
L513L,0,0
L513M,-0.17,-0.83
L513N,-4.54,-3.22
L513P,-4.76,-3.43
L513Q,-4.8,-3.34
L513R,-4.6,-3.47
L513S,-4.12,-3.43
L513T,-1.9,-3.04
L513V,-0.45,-1.56
L513W,-1.95,-2.56
L513Y,-1.78,-2.88
S514A,-0.09,-0.48
S514C,-0.12,-0.22
S514D,-0.47,-1.7
S514E,-0.38,-1.78
S514F,-0.23,-0.91
S514G,-0.06,-0.24
S514H,-0.01,-0.11
S514I,-0.01,-0.24
S514K,-0.11,-0.84
S514L,-0.22,-0.75
S514M,-0.17,-0.58
S514N,-0.06,-0.65
S514P,-2.52,-2.94
S514Q,-0.1,-0.56
S514R,-0.23,-0.6
S514S,0,0
S514T,0.01,0.12
S514V,-0.03,0.05
S514W,-0.02,-0.23
S514Y,-0.12,-0.54
F515A,-0.65,-2.51
F515C,-0.86,-1.94
F515D,-2.93,-2.77
F515E,-1.09,-2.87
F515F,0,0
F515G,-0.39,-1.92
F515H,-0.7,-2.61
F515I,-0.38,-1.21
F515K,-1.46,-3.07
F515L,-0.17,-0.74
F515M,-0.05,-0.38
F515N,-1.89,-2.63
F515P,-0.9,-2.48
F515Q,-0.32,-3.1
F515R,-1.34,-2.91
F515S,-1.09,-2.85
F515T,-0.74,-2.85
F515V,-0.42,-1.71
F515W,-0.29,-1.42
F515Y,-0.22,-1.02
E516A,-0.25,-1.32
E516C,-0.36,-2.58
E516D,-0.02,-0.15
E516E,0,0
E516F,-0.46,-2.55
E516G,-0.15,-1.05
E516H,-0.08,-0.74
E516I,-0.36,-3.21
E516K,-0.15,-0.64
E516L,-0.54,-3.11
E516M,-0.32,-2.03
E516N,-0.06,-0.14
E516P,-0.24,-0.81
E516Q,-0.05,0.21
E516R,-0.11,-0.63
E516S,-0.13,-0.62
E516T,-0.13,-0.75
E516V,-0.28,-2.18
E516W,-0.08,-0.6
E516Y,-0.3,-1.1
L517A,-0.08,-1.6
L517C,-0.03,-0.46
L517D,-0.02,-0.25
L517E,-0.07,-0.16
L517F,-0.02,-0.54
L517G,-0.01,0.04
L517H,-0.05,-0.36
L517I,-0.07,-0.06
L517K,0.04,0.04
L517L,0,0
L517M,0.13,0.09
L517N,-0.04,0.29
L517P,-0.14,-0.5
L517Q,-0.01,-0.03
L517R,0.06,-0.23
L517S,0,-0.01
L517T,0,0.06
L517V,-0.02,-0.33
L517W,-0.11,-0.61
L517Y,-0.01,-0.43
L518A,0.04,-0.13
L518C,0,0.11
L518D,0.04,0.7
L518E,0,0.68
L518F,-0.06,-0.2
L518G,0,-0.03
L518H,-0.03,-0.01
L518I,0,-0.16
L518K,0,0.35
L518L,0,0
L518M,0,-0.08
L518N,0.03,0.13
L518P,-0.09,-0.09
L518Q,0,0.06
L518R,-0.11,-0.09
L518S,0.09,0.29
L518T,0,0.24
L518V,0.01,-0.03
L518W,-0.06,-0.33
L518Y,-0.02,-0.11
H519A,0.02,-0.03
H519C,-0.13,-0.23
H519D,0,0.27
H519E,0.02,-2.87
H519F,-0.06,-0.65
H519G,0,-0.19
H519H,0,0
H519I,-0.13,-0.67
H519K,-0.01,-1.4
H519L,-0.06,-0.45
H519M,-0.6,-1.99
H519N,0.05,0.22
H519P,0.02,0.07
H519Q,0,-0.05
H519R,-0.06,-0.13
H519S,0.05,0.01
H519T,0.02,-0.01
H519V,0.01,-0.37
H519W,-0.07,-0.41
H519Y,-0.05,-0.29
A520A,0,0
A520C,-0.2,-0.28
A520D,-0.02,-0.05
A520E,0.03,0.01
A520F,-0.06,-0.38
A520G,0.05,0.29
A520H,0.01,-0.18
A520I,-0.16,-0.5
A520K,-0.02,-0.09
A520L,-0.03,-0.4
A520M,-0.05,-0.22
A520N,-0.05,-0.13
A520P,0.02,0.05
A520Q,-0.02,-1.21
A520R,-0.03,-0.21
A520S,-0.04,-0.05
A520T,0,-0.07
A520V,-0.08,-0.23
A520W,-0.21,-1.75
A520Y,-0.02,-0.35
P521A,-0.04,-1.43
P521C,-0.11,-0.57
P521D,0,-0.09
P521E,0,-1.37
P521F,-0.15,-0.77
P521G,0.02,-0.17
P521H,0,-0.19
P521I,-0.2,-1.14
P521K,-0.08,-0.54
P521L,-0.2,-1.31
P521M,-0.08,-2.74
P521N,-0.06,0.25
P521P,0,0
P521Q,0,-1.12
P521R,-0.01,-0.16
P521S,0.04,-0.06
P521T,-0.03,-0.14
P521V,-0.06,-0.84
P521W,-0.57,-1.87
P521Y,-0.12,-1.88
A522A,0,0
A522C,-0.07,-0.19
A522D,-0.04,-0.01
A522E,-0.01,-0.02
A522F,0,-0.65
A522G,0,0.04
A522H,0.03,-0.17
A522I,-0.01,-0.14
A522K,0.01,0.03
A522L,-0.05,-0.18
A522M,0.01,-0.03
A522N,0,-0.33
A522P,0.04,-0.27
A522Q,-0.04,0.09
A522R,-0.02,-0.08
A522S,-0.03,-0.01
A522T,0.02,-0.02
A522V,-0.03,-0.07
A522W,-0.02,-0.38
A522Y,0,0.2
T523A,-0.03,-0.4
T523C,NA,NA
T523D,-0.23,-2.19
T523E,NA,NA
T523F,0.01,-0.3
T523G,-0.01,-2.9
T523H,0,-2.96
T523I,-0.09,-0.55
T523K,-0.02,-2.95
T523L,-0.1,NA
T523M,NA,-2.87
T523N,-0.02,-0.27
T523P,-0.01,-1.25
T523Q,0,-2.88
T523R,0,-1.31
T523S,-0.02,-1.34
T523T,0,0
T523V,0,-0.09
T523W,NA,NA
T523Y,-0.01,-0.25
V524A,-0.07,-0.09
V524C,NA,NA
V524D,-0.53,-0.2
V524E,-0.1,NA
V524F,NA,NA
V524G,-0.02,-0.12
V524H,NA,NA
V524I,-0.06,-0.14
V524K,NA,NA
V524L,-0.01,-0.15
V524M,NA,NA
V524N,NA,NA
V524P,-1.31,-1.03
V524Q,NA,NA
V524R,-0.34,0.54
V524S,NA,NA
V524T,-0.69,NA
V524V,0,0
V524W,-1.08,-3
V524Y,-0.18,-0.95
C525A,-0.07,-0.18
C525C,0,0
C525D,-0.05,0.19
C525E,-0.02,-2.75
C525F,-0.02,-0.48
C525G,-0.25,-0.04
C525H,-0.49,-1.39
C525I,-0.05,-0.17
C525K,-0.07,-0.83
C525L,-0.07,-0.33
C525M,-0.03,-0.37
C525N,-0.02,-0.35
C525P,-0.84,-0.2
C525Q,-0.35,-0.4
C525R,-0.08,-0.64
C525S,-0.04,-0.17
C525T,-0.08,-0.58
C525V,-0.06,-1.79
C525W,-0.11,-0.87
C525Y,-0.02,-0.18
G526A,-0.06,-0.26
G526C,-0.11,-0.24
G526D,-0.08,-0.1
G526E,-0.01,-0.13
G526F,-0.06,-0.74
G526G,0,0
G526H,0,NA
G526I,-0.12,-1.22
G526K,0,0.22
G526L,-0.13,-0.4
G526M,0.02,-0.34
G526N,-0.1,-0.18
G526P,-0.01,-0.09
G526Q,-0.07,-0.01
G526R,-0.08,-0.3
G526S,-0.02,-0.14
G526T,0.01,-0.15
G526V,-0.04,-0.12
G526W,-0.08,-0.44
G526Y,-0.02,-0.31
P527A,0.02,0.25
P527C,0,0.3
P527D,0.01,0.19
P527E,0.02,-0.05
P527F,0.02,0.01
P527G,0.02,0.01
P527H,-0.01,0.07
P527I,0.01,0.22
P527K,0.05,0.34
P527L,0.04,0.41
P527M,0.11,0.21
P527N,0.01,0.05
P527P,0,0
P527Q,0.07,0.08
P527R,0.03,0.19
P527S,0.03,0.12
P527T,0.02,0.16
P527V,0.04,0.16
P527W,-0.2,0.19
P527Y,0.03,0.09
K528A,-0.02,0.08
K528C,-0.01,-0.09
K528D,0,-0.2
K528E,-0.02,0.01
K528F,0.11,-0.22
K528G,0,0.14
K528H,-0.01,-0.07
K528I,-0.06,-0.09
K528K,0,0
K528L,0,-0.1
K528M,0.01,0
K528N,0.02,0.18
K528P,-0.16,-0.02
K528Q,0,0.04
K528R,-0.01,0.04
K528S,-0.01,0.04
K528T,-0.02,-0.07
K528V,0.01,-0.1
K528W,-0.02,-0.09
K528Y,-0.06,-0.08
K529A,0,0.38
K529C,0.01,0.11
K529D,0.03,0
K529E,-0.06,-0.06
K529F,0.03,0.08
K529G,0.03,0.22
K529H,-0.02,0.16
K529I,0.01,0.05
K529K,0,0
K529L,-0.01,0
K529M,0.03,0
K529N,-0.08,0.02
K529P,0.01,0.03
K529Q,0.02,0.03
K529R,-0.1,0.07
K529S,0.01,0.13
K529T,-0.04,0.15
K529V,0.07,-0.01
K529W,0,0.03
K529Y,0,0.07
S530A,0,0.17
S530C,-0.01,0.05
S530D,-0.01,-0.05
S530E,0.05,0.21
S530F,0.04,-0.12
S530G,-0.06,0.07
S530H,0,-0.08
S530I,0.02,0.1
S530K,-0.02,-0.23
S530L,0.02,-0.06
S530M,0.05,-0.08
S530N,0.08,0.06
S530P,0.02,0
S530Q,-0.04,0.02
S530R,-0.05,-0.22
S530S,0,0
S530T,-0.01,-0.01
S530V,0.01,0.01
S530W,-0.01,-0.18
S530Y,0.02,-0.12
T531A,0,-0.02
T531C,-0.03,-0.03
T531D,-0.01,0.03
T531E,0.01,0.03
T531F,-0.06,-0.02
T531G,0.01,0.08
T531H,0.02,0.01
T531I,-0.01,-0.05
T531K,-0.01,-0.02
T531L,0.01,0
T531M,-0.01,0
T531N,-0.01,0.06
T531P,0.01,-0.02
T531Q,-0.01,0
T531R,-0.01,-0.07
T531S,0.01,0.02
T531T,0,0
T531V,0.01,-0.06
T531W,-0.02,-0.08
T531Y,-0.01,-0.05
