wildtype,mutant,hydropathy m-w,molecular mass m-w,polarity m-w,volume m-w,bind_avg,expr_avg,Double Bond m-w,Oxygen m-w,Hydrogen m-w,Ring m-w
N,D,0.0,1.0,1,-3.0,0.03,-0.44,0,1,-1,0
N,E,0.0,15.0,1,24.30000000000001,0.0,-0.31,0,1,1,0
N,N,0.0,0.0,0,0.0,0.0,0.0,0,0,0,0
N,Q,0.0,14.0,0,29.700000000000017,0.01,-0.53,0,0,2,0
N,T,2.8,-13.0,0,2.0,0.06,-0.34,-1,-1,1,0
I,A,-2.7,-42.0,0,-78.1,0.0,0.0,0,0,-6,0
I,E,-8.0,16.0,2,-28.299999999999983,0.08,0.01,1,2,-4,0
I,H,-7.7,24.0,-1,-13.5,0.04,0.05,0,0,-6,1
I,I,0.0,0.0,0,0.0,0.0,0.0,0,0,0,0
I,L,-0.7000000000000002,0.0,0,0.0,0.0,-0.03,0,0,0,0
I,M,-2.6,18.0,0,-3.799999999999983,0.0,-0.02,0,0,-2,0
I,N,-8.0,1.0,1,-52.599999999999994,0.0,0.05,1,1,-5,0
I,P,-6.1,-16.0,0,-53.999999999999986,0.06,-0.17,0,0,-4,1
I,R,-9.0,43.0,-1,6.700000000000017,0.0,-0.04,1,0,1,0
I,V,-0.2999999999999998,-14.0,0,-26.69999999999999,0.0,0.02,0,0,-2,0
T,P,-0.9000000000000001,-4.0,-1,-3.3999999999999915,0.03,-0.28,0,0,0,1
T,Q,-2.8,27.0,0,27.700000000000017,0.02,-0.35,1,1,1,0
T,R,-3.8,55.0,-2,57.30000000000001,0.0,-0.54,1,0,5,0
T,T,0.0,0.0,0,0.0,0.0,0.0,0,0,0,0
N,D,0.0,1.0,1,-3.0,0.07,-0.04,0,1,-1,0
N,E,0.0,15.0,1,24.30000000000001,0.01,-0.05,0,1,1,0
N,N,0.0,0.0,0,0.0,0.0,0.0,0,0,0,0
N,Q,0.0,14.0,0,29.700000000000017,0.01,-0.08,0,0,2,0
N,R,-1.0,42.0,-2,59.30000000000001,0.0,-0.12,0,-1,6,0
L,A,-1.9999999999999998,-42.0,0,-78.1,0.04,-0.01,0,0,-6,0
L,D,-7.3,2.0,2,-55.599999999999994,0.0,-0.09,1,2,-6,0
L,E,-7.3,16.0,2,-28.299999999999983,0.06,0.11,1,2,-4,0
L,L,0.0,0.0,0,0.0,0.0,0.0,0,0,0,0
L,M,-1.9,18.0,0,-3.799999999999983,0.01,-0.15,0,0,-2,0
L,N,-7.3,1.0,1,-52.599999999999994,0.03,-0.08,1,1,-5,0
L,P,-5.4,-16.0,0,-53.999999999999986,0.06,0.09,0,0,-4,1
L,S,-4.6,-26.0,1,-77.69999999999999,0.01,-0.08,0,1,-6,0
L,T,-4.5,-12.0,1,-50.599999999999994,0.02,-0.08,0,0,-4,0
C,C,0.0,0.0,0,0.0,0.0,0.0,0,0,0,0
P,D,-1.9,18.0,2,-1.6000000000000085,0.06,0.29,1,2,-2,-1
P,P,0.0,0.0,0,0.0,0.0,0.0,0,0,0,0
F,F,0.0,0.0,0,0.0,0.0,0.0,0,0,0,0
F,W,-3.6999999999999997,39.0,0,37.900000000000006,0.04,-0.06,0,0,1,1
G,A,2.2,14.0,-1,28.499999999999993,0.0,0.01,0,0,2,0
G,D,-3.1,58.0,1,50.99999999999999,0.06,0.3,1,2,2,0
G,G,0.0,0.0,0,0.0,0.0,0.0,0,0,0,0
G,H,-2.8000000000000003,80.0,-2,93.1,0.01,0.15,0,0,2,1
G,N,-3.1,57.0,0,53.99999999999999,0.02,0.11,1,1,3,0
G,S,-0.4,30.0,0,28.9,0.02,0.08,0,1,2,0
E,D,0.0,-14.0,0,-27.30000000000001,0.01,-0.11,0,0,-2,0
E,E,0.0,0.0,0,0.0,0.0,0.0,0,0,0,0
V,I,0.2999999999999998,14.0,0,26.69999999999999,0.02,0.21,0,0,2,0
V,V,0.0,0.0,0,0.0,0.0,0.0,0,0,0,0
F,F,0.0,0.0,0,0.0,0.0,0.0,0,0,0,0
N,N,0.0,0.0,0,0.0,0.0,0.0,0,0,0,0
A,A,0.0,0.0,0,0.0,0.0,0.0,0,0,0,0
T,T,0.0,0.0,0,0.0,0.0,0.0,0,0,0,0
R,D,1.0,-41.0,3,-62.30000000000001,0.01,-0.02,0,2,-7,0
R,E,1.0,-27.0,3,-35.0,0.0,0.08,0,2,-5,0
R,H,1.2999999999999998,-19.0,0,-20.200000000000017,0.08,0.03,-1,0,-7,1
R,N,1.0,-42.0,2,-59.30000000000001,0.03,0.15,0,1,-6,0
R,R,0.0,0.0,0,0.0,0.0,0.0,0,0,0,0
R,S,3.7,-69.0,2,-84.4,0.04,0.02,-1,1,-7,0
R,T,3.8,-55.0,2,-57.30000000000001,0.06,0.15,-1,0,-5,0
R,V,8.7,-57.0,1,-33.400000000000006,0.06,0.01,-1,0,-3,0
R,Y,3.2,7.0,2,20.19999999999999,0.07,-0.12,-1,0,-3,1
F,F,0.0,0.0,0,0.0,0.0,0.0,0,0,0,0
F,W,-3.6999999999999997,39.0,0,37.900000000000006,0.0,0.06,0,0,1,1
A,A,0.0,0.0,0,0.0,0.0,0.0,0,0,0,0
A,H,-5.0,66.0,-1,64.6,0.0,-0.28,0,0,0,1
A,N,-5.3,43.0,1,25.5,0.0,-0.11,1,1,1,0
A,S,-2.6,16.0,1,0.4000000000000057,0.01,-0.17,0,1,0,0
S,S,0.0,0.0,0,0.0,0.0,0.0,0,0,0,0
V,V,0.0,0.0,0,0.0,0.0,0.0,0,0,0,0
Y,Y,0.0,0.0,0,0.0,0.0,0.0,0,0,0,0
A,A,0.0,0.0,0,0.0,0.0,0.0,0,0,0,0
W,W,0.0,0.0,0,0.0,0.0,0.0,0,0,0,0
N,E,0.0,15.0,1,24.30000000000001,0.0,0.64,0,1,1,0
N,K,-0.3999999999999999,14.0,-2,54.5,0.03,0.21,-1,-1,6,0
N,N,0.0,0.0,0,0.0,0.0,0.0,0,0,0,0
N,Q,0.0,14.0,0,29.700000000000017,0.0,0.52,0,0,2,0
N,R,-1.0,42.0,-2,59.30000000000001,0.05,0.14,0,-1,6,0
N,S,2.7,-27.0,0,-25.099999999999994,0.04,0.17,-1,0,-1,0
N,T,2.8,-13.0,0,2.0,0.02,0.02,-1,-1,1,0
R,R,0.0,0.0,0,0.0,0.0,0.0,0,0,0,0
K,K,0.0,0.0,0,0.0,0.0,0.0,0,0,0,0
K,R,-0.6000000000000001,28.0,0,4.800000000000011,0.03,0.21,1,0,0,0
K,T,3.2,-27.0,2,-52.5,0.04,0.14,0,0,-5,0
K,V,8.1,-29.0,1,-28.599999999999994,0.01,0.04,0,0,-3,0
R,E,1.0,-27.0,3,-35.0,0.01,-0.02,0,2,-5,0
R,K,0.6000000000000001,-28.0,0,-4.800000000000011,0.05,0.18,-1,0,0,0
R,R,0.0,0.0,0,0.0,0.0,0.0,0,0,0,0
R,V,8.7,-57.0,1,-33.400000000000006,0.01,0.01,-1,0,-3,0
I,F,-1.7000000000000002,34.0,0,23.200000000000017,0.1,0.72,0,0,-2,1
I,I,0.0,0.0,0,0.0,0.0,0.0,0,0,0,0
I,L,-0.7000000000000002,0.0,0,0.0,0.0,0.14,0,0,0,0
I,W,-5.4,73.0,0,61.10000000000002,0.07,0.41,0,0,-1,2
S,N,-2.7,27.0,0,25.099999999999994,0.04,-0.03,1,0,1,0
S,Q,-2.7,41.0,0,54.80000000000001,0.08,0.05,1,0,3,0
S,S,0.0,0.0,0,0.0,0.0,0.0,0,0,0,0
N,N,0.0,0.0,0,0.0,0.0,0.0,0,0,0,0
C,C,0.0,0.0,0,0.0,0.0,0.0,0,0,0,0
V,I,0.2999999999999998,14.0,0,26.69999999999999,0.04,-0.12,0,0,2,0
V,M,-2.3000000000000003,32.0,0,22.900000000000006,0.03,-0.18,0,0,0,0
V,R,-8.7,57.0,-1,33.400000000000006,0.0,-0.03,1,0,3,0
V,T,-4.9,2.0,1,-23.900000000000006,0.08,0.33,0,0,-2,0
V,V,0.0,0.0,0,0.0,0.0,0.0,0,0,0,0
V,W,-5.1000000000000005,87.0,0,87.80000000000001,0.0,0.03,0,0,1,2
V,Y,-5.5,64.0,1,53.599999999999994,0.0,0.26,0,0,0,1
A,A,0.0,0.0,0,0.0,0.0,0.0,0,0,0,0
A,W,-2.7,115.0,0,139.20000000000002,0.06,0.25,0,0,5,2
D,D,0.0,0.0,0,0.0,0.0,0.0,0,0,0,0
Y,F,4.1,-16.0,-1,-3.6999999999999886,0.0,0.48,0,0,0,0
Y,L,5.1,-50.0,-1,-26.900000000000006,0.0,0.3,0,0,2,-1
Y,M,3.2,-32.0,-1,-30.69999999999999,0.03,0.1,0,0,0,-1
Y,Y,0.0,0.0,0,0.0,0.0,0.0,0,0,0,0
S,D,-2.7,28.0,1,22.099999999999994,0.05,0.22,1,1,0,0
S,E,-2.7,42.0,1,49.400000000000006,0.02,0.12,1,1,2,0
S,G,0.4,-30.0,0,-28.9,0.0,-0.11,0,-1,-2,0
S,H,-2.4000000000000004,50.0,-2,64.19999999999999,0.03,-0.53,0,-1,0,1
S,K,-3.0999999999999996,41.0,-2,79.6,0.0,-0.04,0,-1,7,0
S,N,-2.7,27.0,0,25.099999999999994,0.08,0.05,1,0,1,0
S,Q,-2.7,41.0,0,54.80000000000001,0.01,0.03,1,0,3,0
S,S,0.0,0.0,0,0.0,0.0,0.0,0,0,0,0
V,A,-2.4000000000000004,-28.0,0,-51.400000000000006,0.11,0.46,0,0,-4,0
V,E,-7.7,30.0,2,-1.5999999999999943,0.02,0.31,1,2,-2,0
V,F,-1.4000000000000004,48.0,0,49.900000000000006,0.07,0.74,0,0,0,1
V,H,-7.4,38.0,-1,13.199999999999989,0.02,0.08,0,0,-4,1
V,K,-8.1,29.0,-1,28.599999999999994,0.05,0.27,0,0,3,0
V,L,-0.40000000000000036,14.0,0,26.69999999999999,0.02,0.15,0,0,2,0
V,M,-2.3000000000000003,32.0,0,22.900000000000006,0.04,0.21,0,0,0,0
V,N,-7.7,15.0,1,-25.900000000000006,0.02,0.08,1,1,-3,0
V,Q,-7.7,29.0,1,3.8000000000000114,0.02,0.28,1,1,-1,0
V,S,-5.0,-12.0,1,-51.0,0.02,0.3,0,1,-4,0
V,V,0.0,0.0,0,0.0,0.0,0.0,0,0,0,0
V,W,-5.1000000000000005,87.0,0,87.80000000000001,0.14,0.28,0,0,1,2
L,L,0.0,0.0,0,0.0,0.0,0.0,0,0,0,0
Y,I,5.8,-50.0,-1,-26.900000000000006,0.04,0.12,0,0,2,-1
Y,L,5.1,-50.0,-1,-26.900000000000006,0.05,0.31,0,0,2,-1
Y,M,3.2,-32.0,-1,-30.69999999999999,0.06,0.36,0,0,0,-1
Y,Q,-2.2,-35.0,0,-49.79999999999998,0.01,0.11,1,1,-1,-1
Y,T,0.6000000000000001,-62.0,0,-77.5,0.02,0.18,0,0,-2,-1
Y,V,5.5,-64.0,-1,-53.599999999999994,0.0,0.21,0,0,0,-1
Y,Y,0.0,0.0,0,0.0,0.0,0.0,0,0,0,0
N,E,0.0,15.0,1,24.30000000000001,0.0,-0.19,0,1,1,0
N,N,0.0,0.0,0,0.0,0.0,0.0,0,0,0,0
N,Q,0.0,14.0,0,29.700000000000017,0.02,-0.29,0,0,2,0
S,D,-2.7,28.0,1,22.099999999999994,0.01,-0.09,1,1,0,0
S,S,0.0,0.0,0,0.0,0.0,0.0,0,0,0,0
A,A,0.0,0.0,0,0.0,0.0,0.0,0,0,0,0
A,E,-5.3,58.0,2,49.80000000000001,0.01,0.08,1,2,2,0
A,G,-2.2,-14.0,1,-28.499999999999993,0.0,-0.01,0,0,-2,0
A,R,-6.3,85.0,-1,84.80000000000001,0.03,0.05,1,0,7,0
S,M,2.7,44.0,-1,73.9,0.01,-0.06,0,-1,4,0
S,Q,-2.7,41.0,0,54.80000000000001,0.05,0.12,1,0,3,0
S,S,0.0,0.0,0,0.0,0.0,0.0,0,0,0,0
S,T,0.10000000000000009,14.0,0,27.099999999999994,0.0,0.05,0,-1,2,0
F,F,0.0,0.0,0,0.0,0.0,0.0,0,0,0,0
S,S,0.0,0.0,0,0.0,0.0,0.0,0,0,0,0
T,T,0.0,0.0,0,0.0,0.0,0.0,0,0,0,0
F,F,0.0,0.0,0,0.0,0.0,0.0,0,0,0,0
K,K,0.0,0.0,0,0.0,0.0,0.0,0,0,0,0
K,R,-0.6000000000000001,28.0,0,4.800000000000011,0.08,0.16,1,0,0,0
C,C,0.0,0.0,0,0.0,0.0,0.0,0,0,0,0
Y,Y,0.0,0.0,0,0.0,0.0,0.0,0,0,0,0
G,G,0.0,0.0,0,0.0,0.0,0.0,0,0,0,0
V,I,0.2999999999999998,14.0,0,26.69999999999999,0.0,-0.07,0,0,2,0
V,V,0.0,0.0,0,0.0,0.0,0.0,0,0,0,0
S,D,-2.7,28.0,1,22.099999999999994,0.02,0.36,1,1,0,0
S,E,-2.7,42.0,1,49.400000000000006,0.09,0.19,1,1,2,0
S,I,5.3,26.0,-1,77.69999999999999,0.05,-0.16,0,-1,6,0
S,K,-3.0999999999999996,41.0,-2,79.6,0.01,-0.09,0,-1,7,0
S,N,-2.7,27.0,0,25.099999999999994,0.0,0.22,1,0,1,0
S,S,0.0,0.0,0,0.0,0.0,0.0,0,0,0,0
S,T,0.10000000000000009,14.0,0,27.099999999999994,0.06,-0.06,0,-1,2,0
P,A,3.4000000000000004,-26.0,0,-24.10000000000001,0.01,0.03,0,0,-2,-1
P,F,4.4,50.0,0,77.2,0.02,-0.43,0,0,2,0
P,I,6.1,16.0,0,53.999999999999986,0.02,-0.07,0,0,4,-1
P,K,-2.3,31.0,-1,55.89999999999999,0.04,0.18,0,0,5,-1
P,L,5.4,16.0,0,53.999999999999986,0.01,-0.03,0,0,4,-1
P,P,0.0,0.0,0,0.0,0.0,0.0,0,0,0,0
P,Q,-1.9,31.0,1,31.10000000000001,0.03,-0.1,1,1,1,-1
P,R,-2.9,59.0,-1,60.7,0.03,-0.02,1,0,5,-1
P,V,5.800000000000001,2.0,0,27.299999999999997,0.03,-0.11,0,0,2,-1
P,W,0.7000000000000001,89.0,0,115.10000000000001,0.03,-0.11,0,0,3,1
T,A,2.5,-30.0,-1,-27.5,0.0,-0.03,0,0,-2,0
T,E,-2.8,28.0,1,22.30000000000001,0.06,0.28,1,2,0,0
T,H,-2.5,36.0,-2,37.099999999999994,0.01,-0.02,0,0,-2,1
T,M,2.5999999999999996,30.0,-1,46.80000000000001,0.01,-0.08,0,0,2,0
T,N,-2.8,13.0,0,-2.0,0.01,0.03,1,1,-1,0
T,Q,-2.8,27.0,0,27.700000000000017,0.03,0.03,1,1,1,0
T,R,-3.8,55.0,-2,57.30000000000001,0.19,-0.02,1,0,5,0
T,T,0.0,0.0,0,0.0,0.0,0.0,0,0,0,0
T,Y,-0.6000000000000001,62.0,0,77.5,0.0,-0.02,0,0,2,1
K,E,0.3999999999999999,1.0,3,-30.19999999999999,0.02,0.18,1,2,-5,0
K,H,0.6999999999999997,9.0,0,-15.400000000000006,0.01,-0.12,0,0,-7,1
K,K,0.0,0.0,0,0.0,0.0,0.0,0,0,0,0
K,N,0.3999999999999999,-14.0,2,-54.5,0.04,-0.13,1,1,-6,0
K,Q,0.3999999999999999,0.0,2,-24.799999999999983,0.01,0.09,1,1,-4,0
K,S,3.0999999999999996,-41.0,2,-79.6,0.04,-0.04,0,1,-7,0
L,L,0.0,0.0,0,0.0,0.0,0.0,0,0,0,0
N,D,0.0,1.0,1,-3.0,0.03,-0.12,0,1,-1,0
N,N,0.0,0.0,0,0.0,0.0,0.0,0,0,0,0
D,D,0.0,0.0,0,0.0,0.0,0.0,0,0,0,0
D,E,0.0,14.0,0,27.30000000000001,0.03,0.11,0,0,2,0
D,S,2.7,-28.0,-1,-22.099999999999994,0.04,-0.07,-1,-1,0,0
L,L,0.0,0.0,0,0.0,0.0,0.0,0,0,0,0
L,M,-1.9,18.0,0,-3.799999999999983,0.02,0.03,0,0,-2,0
L,Y,-5.1,50.0,1,26.900000000000006,0.01,0.2,0,0,-2,1
C,C,0.0,0.0,0,0.0,0.0,0.0,0,0,0,0
F,F,0.0,0.0,0,0.0,0.0,0.0,0,0,0,0
F,V,1.4000000000000004,-48.0,0,-49.900000000000006,0.0,0.01,0,0,0,-1
F,W,-3.6999999999999997,39.0,0,37.900000000000006,0.02,0.26,0,0,1,1
F,Y,-4.1,16.0,1,3.6999999999999886,0.02,-0.04,0,0,0,0
T,A,2.5,-30.0,-1,-27.5,0.03,-0.11,0,0,-2,0
T,S,-0.10000000000000009,-14.0,0,-27.099999999999994,0.0,-0.05,0,1,-2,0
T,T,0.0,0.0,0,0.0,0.0,0.0,0,0,0,0
N,A,5.3,-43.0,-1,-25.5,0.01,-0.01,-1,-1,-1,0
N,H,0.2999999999999998,23.0,-2,39.099999999999994,0.0,-0.02,-1,-1,-1,1
N,N,0.0,0.0,0,0.0,0.0,0.0,0,0,0,0
N,S,2.7,-27.0,0,-25.099999999999994,0.01,-0.07,-1,0,-1,0
V,I,0.2999999999999998,14.0,0,26.69999999999999,0.0,0.06,0,0,2,0
V,M,-2.3000000000000003,32.0,0,22.900000000000006,0.04,-0.26,0,0,0,0
V,V,0.0,0.0,0,0.0,0.0,0.0,0,0,0,0
Y,Y,0.0,0.0,0,0.0,0.0,0.0,0,0,0,0
A,A,0.0,0.0,0,0.0,0.0,0.0,0,0,0,0
D,D,0.0,0.0,0,0.0,0.0,0.0,0,0,0,0
S,S,0.0,0.0,0,0.0,0.0,0.0,0,0,0,0
F,F,0.0,0.0,0,0.0,0.0,0.0,0,0,0,0
V,V,0.0,0.0,0,0.0,0.0,0.0,0,0,0,0
I,I,0.0,0.0,0,0.0,0.0,0.0,0,0,0,0
I,V,-0.2999999999999998,-14.0,0,-26.69999999999999,0.01,0.1,0,0,-2,0
R,R,0.0,0.0,0,0.0,0.0,0.0,0,0,0,0
G,G,0.0,0.0,0,0.0,0.0,0.0,0,0,0,0
D,D,0.0,0.0,0,0.0,0.0,0.0,0,0,0,0
D,S,2.7,-28.0,-1,-22.099999999999994,0.01,-0.37,-1,-1,0,0
E,E,0.0,0.0,0,0.0,0.0,0.0,0,0,0,0
E,H,0.2999999999999998,8.0,-3,14.799999999999983,0.0,0.07,-1,-2,-2,1
E,Q,0.0,-1.0,-1,5.400000000000006,0.07,0.04,0,-1,1,0
V,V,0.0,0.0,0,0.0,0.0,0.0,0,0,0,0
R,K,0.6000000000000001,-28.0,0,-4.800000000000011,0.0,0.06,-1,0,0,0
R,R,0.0,0.0,0,0.0,0.0,0.0,0,0,0,0
Q,Q,0.0,0.0,0,0.0,0.0,0.0,0,0,0,0
I,I,0.0,0.0,0,0.0,0.0,0.0,0,0,0,0
A,A,0.0,0.0,0,0.0,0.0,0.0,0,0,0,0
P,P,0.0,0.0,0,0.0,0.0,0.0,0,0,0,0
G,G,0.0,0.0,0,0.0,0.0,0.0,0,0,0,0
Q,A,5.3,-57.0,-1,-55.20000000000002,0.16,0.3,-1,-1,-3,0
Q,M,5.4,3.0,-1,19.099999999999994,0.04,-0.06,-1,-1,1,0
Q,Q,0.0,0.0,0,0.0,0.0,0.0,0,0,0,0
Q,S,2.7,-41.0,0,-54.80000000000001,0.0,-0.05,-1,0,-3,0
Q,T,2.8,-27.0,0,-27.700000000000017,0.01,-0.12,-1,-1,-1,0
Q,V,7.7,-29.0,-1,-3.8000000000000114,0.01,-0.35,-1,-1,1,0
T,H,-2.5,36.0,-2,37.099999999999994,0.05,0.13,0,0,-2,1
T,K,-3.2,27.0,-2,52.5,0.0,-0.09,0,0,5,0
T,R,-3.8,55.0,-2,57.30000000000001,0.05,0.02,1,0,5,0
T,S,-0.10000000000000009,-14.0,0,-27.099999999999994,0.01,-0.03,0,1,-2,0
T,T,0.0,0.0,0,0.0,0.0,0.0,0,0,0,0
G,G,0.0,0.0,0,0.0,0.0,0.0,0,0,0,0
K,K,0.0,0.0,0,0.0,0.0,0.0,0,0,0,0
I,I,0.0,0.0,0,0.0,0.0,0.0,0,0,0,0
A,A,0.0,0.0,0,0.0,0.0,0.0,0,0,0,0
D,D,0.0,0.0,0,0.0,0.0,0.0,0,0,0,0
Y,Y,0.0,0.0,0,0.0,0.0,0.0,0,0,0,0
N,N,0.0,0.0,0,0.0,0.0,0.0,0,0,0,0
Y,Y,0.0,0.0,0,0.0,0.0,0.0,0,0,0,0
K,K,0.0,0.0,0,0.0,0.0,0.0,0,0,0,0
L,L,0.0,0.0,0,0.0,0.0,0.0,0,0,0,0
P,P,0.0,0.0,0,0.0,0.0,0.0,0,0,0,0
D,A,5.3,-44.0,-2,-22.5,0.04,-0.37,-1,-2,0,0
D,D,0.0,0.0,0,0.0,0.0,0.0,0,0,0,0
D,E,0.0,14.0,0,27.30000000000001,0.02,-0.27,0,0,2,0
D,H,0.2999999999999998,22.0,-3,42.099999999999994,0.0,-0.42,-1,-2,0,1
D,L,7.3,-2.0,-2,55.599999999999994,0.0,-0.17,-1,-2,6,0
D,N,0.0,-1.0,-1,3.0,0.0,-0.24,0,-1,1,0
D,D,0.0,0.0,0,0.0,0.0,0.0,0,0,0,0
D,N,0.0,-1.0,-1,3.0,0.01,0.18,0,-1,1,0
F,F,0.0,0.0,0,0.0,0.0,0.0,0,0,0,0
T,C,3.2,2.0,0,-7.599999999999994,0.0,-0.06,0,0,-2,0
T,F,3.5,46.0,-1,73.80000000000001,0.03,0.02,0,0,2,1
T,I,5.2,12.0,-1,50.599999999999994,0.03,0.07,0,0,4,0
T,K,-3.2,27.0,-2,52.5,0.03,-0.21,0,0,5,0
T,L,4.5,12.0,-1,50.599999999999994,0.01,-0.03,0,0,4,0
T,M,2.5999999999999996,30.0,-1,46.80000000000001,0.03,-0.01,0,0,2,0
T,R,-3.8,55.0,-2,57.30000000000001,0.0,-0.14,1,0,5,0
T,T,0.0,0.0,0,0.0,0.0,0.0,0,0,0,0
T,Y,-0.6000000000000001,62.0,0,77.5,0.0,-0.06,0,0,2,1
G,G,0.0,0.0,0,0.0,0.0,0.0,0,0,0,0
C,C,0.0,0.0,0,0.0,0.0,0.0,0,0,0,0
V,V,0.0,0.0,0,0.0,0.0,0.0,0,0,0,0
I,F,-1.7000000000000002,34.0,0,23.200000000000017,0.03,0.16,0,0,-2,1
I,I,0.0,0.0,0,0.0,0.0,0.0,0,0,0,0
A,A,0.0,0.0,0,0.0,0.0,0.0,0,0,0,0
W,W,0.0,0.0,0,0.0,0.0,0.0,0,0,0,0
N,N,0.0,0.0,0,0.0,0.0,0.0,0,0,0,0
S,S,0.0,0.0,0,0.0,0.0,0.0,0,0,0,0
N,K,-0.3999999999999999,14.0,-2,54.5,0.04,-0.35,-1,-1,6,0
N,N,0.0,0.0,0,0.0,0.0,0.0,0,0,0,0
N,A,5.3,-43.0,-1,-25.5,0.01,-0.01,-1,-1,-1,0
N,H,0.2999999999999998,23.0,-2,39.099999999999994,0.02,-0.07,-1,-1,-1,1
N,K,-0.3999999999999999,14.0,-2,54.5,0.07,-0.12,-1,-1,6,0
N,M,5.4,17.0,-1,48.80000000000001,0.0,-0.24,-1,-1,3,0
N,N,0.0,0.0,0,0.0,0.0,0.0,0,0,0,0
N,S,2.7,-27.0,0,-25.099999999999994,0.04,-0.07,-1,0,-1,0
L,I,0.7000000000000002,0.0,0,0.0,0.02,0.25,0,0,0,0
L,L,0.0,0.0,0,0.0,0.0,0.0,0,0,0,0
L,V,0.40000000000000036,-14.0,0,-26.69999999999999,0.03,0.15,0,0,-2,0
D,D,0.0,0.0,0,0.0,0.0,0.0,0,0,0,0
S,S,0.0,0.0,0,0.0,0.0,0.0,0,0,0,0
K,K,0.0,0.0,0,0.0,0.0,0.0,0,0,0,0
K,Q,0.3999999999999999,0.0,2,-24.799999999999983,0.01,-0.09,1,1,-4,0
V,K,-8.1,29.0,-1,28.599999999999994,0.02,0.03,0,0,3,0
V,P,-5.800000000000001,-2.0,0,-27.299999999999997,0.03,0.05,0,0,-2,1
V,V,0.0,0.0,0,0.0,0.0,0.0,0,0,0,0
G,G,0.0,0.0,0,0.0,0.0,0.0,0,0,0,0
G,G,0.0,0.0,0,0.0,0.0,0.0,0,0,0,0
N,N,0.0,0.0,0,0.0,0.0,0.0,0,0,0,0
Y,Y,0.0,0.0,0,0.0,0.0,0.0,0,0,0,0
N,A,5.3,-43.0,-1,-25.5,0.0,-0.11,-1,-1,-1,0
N,K,-0.3999999999999999,14.0,-2,54.5,0.04,-0.01,-1,-1,6,0
N,N,0.0,0.0,0,0.0,0.0,0.0,0,0,0,0
N,Q,0.0,14.0,0,29.700000000000017,0.02,0.04,0,0,2,0
Y,Y,0.0,0.0,0,0.0,0.0,0.0,0,0,0,0
L,A,-1.9999999999999998,-42.0,0,-78.1,0.05,0.03,0,0,-6,0
L,E,-7.3,16.0,2,-28.299999999999983,0.02,0.08,1,2,-4,0
L,G,-4.2,-56.0,1,-106.6,0.02,0.02,0,0,-8,0
L,H,-7.0,24.0,-1,-13.5,0.0,0.17,0,0,-6,1
L,I,0.7000000000000002,0.0,0,0.0,0.0,-0.42,0,0,0,0
L,K,-7.699999999999999,15.0,-1,1.9000000000000057,0.09,0.58,0,0,1,0
L,L,0.0,0.0,0,0.0,0.0,0.0,0,0,0,0
L,M,-1.9,18.0,0,-3.799999999999983,0.06,0.16,0,0,-2,0
L,N,-7.3,1.0,1,-52.599999999999994,0.01,-0.13,1,1,-5,0
L,Q,-7.3,15.0,1,-22.899999999999977,0.07,0.27,1,1,-3,0
L,R,-8.3,43.0,-1,6.700000000000017,0.02,0.32,1,0,1,0
L,S,-4.6,-26.0,1,-77.69999999999999,0.03,0.4,0,1,-6,0
L,T,-4.5,-12.0,1,-50.599999999999994,0.03,0.09,0,0,-4,0
L,V,0.40000000000000036,-14.0,0,-26.69999999999999,0.02,-0.1,0,0,-2,0
Y,F,4.1,-16.0,-1,-3.6999999999999886,0.25,-0.08,0,0,0,0
Y,K,-2.5999999999999996,-35.0,-2,-25.0,0.08,-0.23,0,0,3,-1
Y,Y,0.0,0.0,0,0.0,0.0,0.0,0,0,0,0
R,R,0.0,0.0,0,0.0,0.0,0.0,0,0,0,0
L,L,0.0,0.0,0,0.0,0.0,0.0,0,0,0,0
L,M,-1.9,18.0,0,-3.799999999999983,0.05,0.31,0,0,-2,0
F,F,0.0,0.0,0,0.0,0.0,0.0,0,0,0,0
R,R,0.0,0.0,0,0.0,0.0,0.0,0,0,0,0
K,D,0.3999999999999999,-13.0,3,-57.5,0.09,-0.06,1,2,-7,0
K,E,0.3999999999999999,1.0,3,-30.19999999999999,0.06,-0.08,1,2,-5,0
K,H,0.6999999999999997,9.0,0,-15.400000000000006,0.0,-0.15,0,0,-7,1
K,K,0.0,0.0,0,0.0,0.0,0.0,0,0,0,0
K,P,2.3,-31.0,1,-55.89999999999999,0.03,-0.17,0,0,-5,1
K,Q,0.3999999999999999,0.0,2,-24.799999999999983,0.0,-0.28,1,1,-4,0
K,T,3.2,-27.0,2,-52.5,0.0,-0.14,0,0,-5,0
S,D,-2.7,28.0,1,22.099999999999994,0.01,0.0,1,1,0,0
S,E,-2.7,42.0,1,49.400000000000006,0.01,0.11,1,1,2,0
S,G,0.4,-30.0,0,-28.9,0.05,-0.16,0,-1,-2,0
S,N,-2.7,27.0,0,25.099999999999994,0.03,0.01,1,0,1,0
S,S,0.0,0.0,0,0.0,0.0,0.0,0,0,0,0
S,T,0.10000000000000009,14.0,0,27.099999999999994,0.01,0.09,0,-1,2,0
S,V,5.0,12.0,-1,51.0,0.0,-0.19,0,-1,4,0
N,A,5.3,-43.0,-1,-25.5,0.03,0.02,-1,-1,-1,0
N,H,0.2999999999999998,23.0,-2,39.099999999999994,0.02,-0.02,-1,-1,-1,1
N,I,8.0,-1.0,-1,52.599999999999994,0.02,-0.08,-1,-1,5,0
N,K,-0.3999999999999999,14.0,-2,54.5,0.09,0.16,-1,-1,6,0
N,N,0.0,0.0,0,0.0,0.0,0.0,0,0,0,0
N,Q,0.0,14.0,0,29.700000000000017,0.02,-0.15,0,0,2,0
N,R,-1.0,42.0,-2,59.30000000000001,0.06,0.09,0,-1,6,0
N,V,7.7,-15.0,-1,25.900000000000006,0.05,-0.08,-1,-1,3,0
L,L,0.0,0.0,0,0.0,0.0,0.0,0,0,0,0
K,K,0.0,0.0,0,0.0,0.0,0.0,0,0,0,0
P,P,0.0,0.0,0,0.0,0.0,0.0,0,0,0,0
F,F,0.0,0.0,0,0.0,0.0,0.0,0,0,0,0
E,E,0.0,0.0,0,0.0,0.0,0.0,0,0,0,0
R,R,0.0,0.0,0,0.0,0.0,0.0,0,0,0,0
D,D,0.0,0.0,0,0.0,0.0,0.0,0,0,0,0
I,I,0.0,0.0,0,0.0,0.0,0.0,0,0,0,0
I,M,-2.6,18.0,0,-3.799999999999983,0.07,-0.19,0,0,-2,0
I,Q,-8.0,15.0,1,-22.899999999999977,0.0,-0.26,1,1,-3,0
S,S,0.0,0.0,0,0.0,0.0,0.0,0,0,0,0
S,T,0.10000000000000009,14.0,0,27.099999999999994,0.03,-0.11,0,-1,2,0
T,E,-2.8,28.0,1,22.30000000000001,0.01,-0.07,1,2,0,0
T,Q,-2.8,27.0,0,27.700000000000017,0.03,-0.08,1,1,1,0
T,T,0.0,0.0,0,0.0,0.0,0.0,0,0,0,0
E,D,0.0,-14.0,0,-27.30000000000001,0.01,0.05,0,0,-2,0
E,E,0.0,0.0,0,0.0,0.0,0.0,0,0,0,0
I,I,0.0,0.0,0,0.0,0.0,0.0,0,0,0,0
I,M,-2.6,18.0,0,-3.799999999999983,0.02,-0.2,0,0,-2,0
Y,Y,0.0,0.0,0,0.0,0.0,0.0,0,0,0,0
Q,Q,0.0,0.0,0,0.0,0.0,0.0,0,0,0,0
A,A,0.0,0.0,0,0.0,0.0,0.0,0,0,0,0
G,G,0.0,0.0,0,0.0,0.0,0.0,0,0,0,0
S,D,-2.7,28.0,1,22.099999999999994,0.09,0.12,1,1,0,0
S,K,-3.0999999999999996,41.0,-2,79.6,0.03,-0.26,0,-1,7,0
S,N,-2.7,27.0,0,25.099999999999994,0.06,0.06,1,0,1,0
S,P,-0.8,10.0,-1,23.700000000000003,0.06,-0.03,0,-1,2,1
S,S,0.0,0.0,0,0.0,0.0,0.0,0,0,0,0
S,W,-0.09999999999999998,99.0,-1,138.8,0.02,-0.43,0,-1,5,2
T,K,-3.2,27.0,-2,52.5,0.02,0.02,0,0,5,0
T,Q,-2.8,27.0,0,27.700000000000017,0.01,-0.04,1,1,1,0
T,T,0.0,0.0,0,0.0,0.0,0.0,0,0,0,0
P,E,-1.9,32.0,2,25.700000000000003,0.02,-0.16,1,2,0,-1
P,P,0.0,0.0,0,0.0,0.0,0.0,0,0,0,0
C,C,0.0,0.0,0,0.0,0.0,0.0,0,0,0,0
N,K,-0.3999999999999999,14.0,-2,54.5,0.01,-0.11,-1,-1,6,0
N,N,0.0,0.0,0,0.0,0.0,0.0,0,0,0,0
N,R,-1.0,42.0,-2,59.30000000000001,0.02,-0.09,0,-1,6,0
G,G,0.0,0.0,0,0.0,0.0,0.0,0,0,0,0
G,Q,-3.1,71.0,0,83.70000000000002,0.04,-0.31,1,1,5,0
V,H,-7.4,38.0,-1,13.199999999999989,0.0,-0.09,0,0,-4,1
V,K,-8.1,29.0,-1,28.599999999999994,0.05,0.14,0,0,3,0
V,L,-0.40000000000000036,14.0,0,26.69999999999999,0.06,-0.02,0,0,2,0
V,N,-7.7,15.0,1,-25.900000000000006,0.03,-0.06,1,1,-3,0
V,Q,-7.7,29.0,1,3.8000000000000114,0.05,0.08,1,1,-1,0
V,R,-8.7,57.0,-1,33.400000000000006,0.05,-0.06,1,0,3,0
V,V,0.0,0.0,0,0.0,0.0,0.0,0,0,0,0
E,E,0.0,0.0,0,0.0,0.0,0.0,0,0,0,0
E,K,-0.3999999999999999,-1.0,-3,30.19999999999999,0.06,-0.1,-1,-2,5,0
E,Q,0.0,-1.0,-1,5.400000000000006,0.03,-0.08,0,-1,1,0
E,R,-1.0,27.0,-3,35.0,0.15,-0.12,0,-2,5,0
E,T,2.8,-28.0,-1,-22.30000000000001,0.05,-0.03,-1,-2,0,0
G,G,0.0,0.0,0,0.0,0.0,0.0,0,0,0,0
F,F,0.0,0.0,0,0.0,0.0,0.0,0,0,0,0
N,N,0.0,0.0,0,0.0,0.0,0.0,0,0,0,0
C,C,0.0,0.0,0,0.0,0.0,0.0,0,0,0,0
Y,Y,0.0,0.0,0,0.0,0.0,0.0,0,0,0,0
F,A,-0.9999999999999998,-76.0,0,-101.30000000000001,0.03,0.03,0,0,-4,-1
F,F,0.0,0.0,0,0.0,0.0,0.0,0,0,0,0
F,K,-6.699999999999999,-19.0,-1,-21.30000000000001,0.09,-0.07,0,0,3,-1
F,N,-6.3,-33.0,1,-75.80000000000001,0.02,0.03,1,1,-3,-1
F,R,-7.3,9.0,-1,-16.5,0.01,-0.05,1,0,3,-1
F,S,-3.5999999999999996,-60.0,1,-100.9,0.0,-0.1,0,1,-4,-1
F,Y,-4.1,16.0,1,3.6999999999999886,0.06,0.1,0,0,0,0
P,P,0.0,0.0,0,0.0,0.0,0.0,0,0,0,0
L,I,0.7000000000000002,0.0,0,0.0,0.03,-0.36,0,0,0,0
L,L,0.0,0.0,0,0.0,0.0,0.0,0,0,0,0
Q,A,5.3,-57.0,-1,-55.20000000000002,0.13,0.06,-1,-1,-3,0
Q,F,6.3,19.0,-1,46.099999999999994,0.06,-0.74,-1,-1,1,1
Q,G,3.1,-71.0,0,-83.70000000000002,0.01,-0.08,-1,-1,-5,0
Q,K,-0.3999999999999999,0.0,-2,24.799999999999983,0.05,0.03,-1,-1,4,0
Q,L,7.3,-15.0,-1,22.899999999999977,0.05,-0.44,-1,-1,3,0
Q,M,5.4,3.0,-1,19.099999999999994,0.18,-0.07,-1,-1,1,0
Q,Q,0.0,0.0,0,0.0,0.0,0.0,0,0,0,0
Q,V,7.7,-29.0,-1,-3.8000000000000114,0.05,-0.1,-1,-1,1,0
Q,Y,2.2,35.0,0,49.79999999999998,0.12,-0.97,-1,-1,1,1
S,A,2.6,-16.0,-1,-0.4000000000000057,0.03,0.01,0,-1,0,0
S,H,-2.4000000000000004,50.0,-2,64.19999999999999,0.06,-0.17,0,-1,0,1
S,K,-3.0999999999999996,41.0,-2,79.6,0.05,-0.03,0,-1,7,0
S,P,-0.8,10.0,-1,23.700000000000003,0.0,-0.02,0,-1,2,1
S,R,-3.7,69.0,-2,84.4,0.05,-0.08,1,-1,7,0
S,S,0.0,0.0,0,0.0,0.0,0.0,0,0,0,0
Y,Y,0.0,0.0,0,0.0,0.0,0.0,0,0,0,0
G,G,0.0,0.0,0,0.0,0.0,0.0,0,0,0,0
F,F,0.0,0.0,0,0.0,0.0,0.0,0,0,0,0
Q,F,6.3,19.0,-1,46.099999999999994,0.15,0.05,-1,-1,1,1
Q,H,0.2999999999999998,9.0,-2,9.399999999999977,0.3,0.16,-1,-1,-3,1
Q,Q,0.0,0.0,0,0.0,0.0,0.0,0,0,0,0
Q,W,2.6,58.0,-1,84.0,0.07,-0.41,-1,-1,2,2
Q,Y,2.2,35.0,0,49.79999999999998,0.16,0.06,-1,-1,1,1
P,P,0.0,0.0,0,0.0,0.0,0.0,0,0,0,0
T,T,0.0,0.0,0,0.0,0.0,0.0,0,0,0,0
N,F,6.3,33.0,-1,75.80000000000001,0.29,-0.1,-1,-1,3,1
N,H,0.2999999999999998,23.0,-2,39.099999999999994,0.0,-0.24,-1,-1,-1,1
N,M,5.4,17.0,-1,48.80000000000001,0.0,0.33,-1,-1,3,0
N,N,0.0,0.0,0,0.0,0.0,0.0,0,0,0,0
N,T,2.8,-13.0,0,2.0,0.1,-0.25,-1,-1,1,0
N,V,7.7,-15.0,-1,25.900000000000006,0.15,-0.19,-1,-1,3,0
N,W,2.6,72.0,-1,113.70000000000002,0.11,0.1,-1,-1,4,2
N,Y,2.2,49.0,0,79.5,0.24,-0.14,-1,-1,3,1
G,G,0.0,0.0,0,0.0,0.0,0.0,0,0,0,0
V,I,0.2999999999999998,14.0,0,26.69999999999999,0.05,-0.05,0,0,2,0
V,K,-8.1,29.0,-1,28.599999999999994,0.1,0.01,0,0,3,0
V,L,-0.40000000000000036,14.0,0,26.69999999999999,0.03,0.04,0,0,2,0
V,M,-2.3000000000000003,32.0,0,22.900000000000006,0.1,-0.12,0,0,0,0
V,R,-8.7,57.0,-1,33.400000000000006,0.01,-0.15,1,0,3,0
V,V,0.0,0.0,0,0.0,0.0,0.0,0,0,0,0
G,G,0.0,0.0,0,0.0,0.0,0.0,0,0,0,0
Y,W,0.4,23.0,-1,34.20000000000002,0.13,-0.04,0,0,1,1
Y,Y,0.0,0.0,0,0.0,0.0,0.0,0,0,0,0
Q,Q,0.0,0.0,0,0.0,0.0,0.0,0,0,0,0
P,P,0.0,0.0,0,0.0,0.0,0.0,0,0,0,0
Y,F,4.1,-16.0,-1,-3.6999999999999886,0.02,-0.16,0,0,0,0
Y,H,-1.9000000000000001,-26.0,-2,-40.400000000000006,0.07,0.14,0,0,-4,0
Y,Y,0.0,0.0,0,0.0,0.0,0.0,0,0,0,0
R,R,0.0,0.0,0,0.0,0.0,0.0,0,0,0,0
V,V,0.0,0.0,0,0.0,0.0,0.0,0,0,0,0
V,V,0.0,0.0,0,0.0,0.0,0.0,0,0,0,0
V,V,0.0,0.0,0,0.0,0.0,0.0,0,0,0,0
L,L,0.0,0.0,0,0.0,0.0,0.0,0,0,0,0
S,S,0.0,0.0,0,0.0,0.0,0.0,0,0,0,0
S,T,0.10000000000000009,14.0,0,27.099999999999994,0.01,0.12,0,-1,2,0
F,F,0.0,0.0,0,0.0,0.0,0.0,0,0,0,0
E,E,0.0,0.0,0,0.0,0.0,0.0,0,0,0,0
L,K,-7.699999999999999,15.0,-1,1.9000000000000057,0.04,0.04,0,0,1,0
L,L,0.0,0.0,0,0.0,0.0,0.0,0,0,0,0
L,M,-1.9,18.0,0,-3.799999999999983,0.13,0.09,0,0,-2,0
L,R,-8.3,43.0,-1,6.700000000000017,0.06,-0.23,1,0,1,0
L,S,-4.6,-26.0,1,-77.69999999999999,0.0,-0.01,0,1,-6,0
L,T,-4.5,-12.0,1,-50.599999999999994,0.0,0.06,0,0,-4,0
L,A,-1.9999999999999998,-42.0,0,-78.1,0.04,-0.13,0,0,-6,0
L,C,-1.2999999999999998,-10.0,1,-58.19999999999999,0.0,0.11,0,0,-6,0
L,D,-7.3,2.0,2,-55.599999999999994,0.04,0.7,1,2,-6,0
L,E,-7.3,16.0,2,-28.299999999999983,0.0,0.68,1,2,-4,0
L,G,-4.2,-56.0,1,-106.6,0.0,-0.03,0,0,-8,0
L,I,0.7000000000000002,0.0,0,0.0,0.0,-0.16,0,0,0,0
L,K,-7.699999999999999,15.0,-1,1.9000000000000057,0.0,0.35,0,0,1,0
L,L,0.0,0.0,0,0.0,0.0,0.0,0,0,0,0
L,M,-1.9,18.0,0,-3.799999999999983,0.0,-0.08,0,0,-2,0
L,N,-7.3,1.0,1,-52.599999999999994,0.03,0.13,1,1,-5,0
L,Q,-7.3,15.0,1,-22.899999999999977,0.0,0.06,1,1,-3,0
L,S,-4.6,-26.0,1,-77.69999999999999,0.09,0.29,0,1,-6,0
L,T,-4.5,-12.0,1,-50.599999999999994,0.0,0.24,0,0,-4,0
L,V,0.40000000000000036,-14.0,0,-26.69999999999999,0.01,-0.03,0,0,-2,0
H,A,5.0,-66.0,1,-64.6,0.02,-0.03,0,0,0,-1
H,D,-0.2999999999999998,-22.0,3,-42.099999999999994,0.0,0.27,1,2,0,-1
H,E,-0.2999999999999998,-8.0,3,-14.799999999999983,0.02,-2.87,1,2,2,-1
H,G,2.8000000000000003,-80.0,2,-93.1,0.0,-0.19,0,0,-2,-1
H,H,0.0,0.0,0,0.0,0.0,0.0,0,0,0,0
H,N,-0.2999999999999998,-23.0,2,-39.099999999999994,0.05,0.22,1,1,1,-1
H,P,1.6,-40.0,1,-40.499999999999986,0.02,0.07,0,0,2,0
H,Q,-0.2999999999999998,-9.0,2,-9.399999999999977,0.0,-0.05,1,1,3,-1
H,S,2.4000000000000004,-50.0,2,-64.19999999999999,0.05,0.01,0,1,0,-1
H,T,2.5,-36.0,2,-37.099999999999994,0.02,-0.01,0,0,2,-1
H,V,7.4,-38.0,1,-13.199999999999989,0.01,-0.37,0,0,4,-1
A,A,0.0,0.0,0,0.0,0.0,0.0,0,0,0,0
A,E,-5.3,58.0,2,49.80000000000001,0.03,0.01,1,2,2,0
A,G,-2.2,-14.0,1,-28.499999999999993,0.05,0.29,0,0,-2,0
A,H,-5.0,66.0,-1,64.6,0.01,-0.18,0,0,0,1
A,P,-3.4000000000000004,26.0,0,24.10000000000001,0.02,0.05,0,0,2,1
A,T,-2.5,30.0,1,27.5,0.0,-0.07,0,0,2,0
P,D,-1.9,18.0,2,-1.6000000000000085,0.0,-0.09,1,2,-2,-1
P,E,-1.9,32.0,2,25.700000000000003,0.0,-1.37,1,2,0,-1
P,G,1.2000000000000002,-40.0,1,-52.6,0.02,-0.17,0,0,-4,-1
P,H,-1.6,40.0,-1,40.499999999999986,0.0,-0.19,0,0,-2,0
P,P,0.0,0.0,0,0.0,0.0,0.0,0,0,0,0
P,Q,-1.9,31.0,1,31.10000000000001,0.0,-1.12,1,1,1,-1
P,S,0.8,-10.0,1,-23.700000000000003,0.04,-0.06,0,1,-2,-1
A,A,0.0,0.0,0,0.0,0.0,0.0,0,0,0,0
A,F,0.9999999999999998,76.0,0,101.30000000000001,0.0,-0.65,0,0,4,1
A,G,-2.2,-14.0,1,-28.499999999999993,0.0,0.04,0,0,-2,0
A,H,-5.0,66.0,-1,64.6,0.03,-0.17,0,0,0,1
A,K,-5.7,57.0,-1,80.0,0.01,0.03,0,0,7,0
A,M,0.09999999999999987,60.0,0,74.30000000000001,0.01,-0.03,0,0,4,0
A,N,-5.3,43.0,1,25.5,0.0,-0.33,1,1,1,0
A,P,-3.4000000000000004,26.0,0,24.10000000000001,0.04,-0.27,0,0,2,1
A,T,-2.5,30.0,1,27.5,0.02,-0.02,0,0,2,0
A,Y,-3.1,92.0,1,105.0,0.0,0.2,0,0,4,1
T,F,3.5,46.0,-1,73.80000000000001,0.01,-0.3,0,0,2,1
T,H,-2.5,36.0,-2,37.099999999999994,0.0,-2.96,0,0,-2,1
T,Q,-2.8,27.0,0,27.700000000000017,0.0,-2.88,1,1,1,0
T,R,-3.8,55.0,-2,57.30000000000001,0.0,-1.31,1,0,5,0
T,T,0.0,0.0,0,0.0,0.0,0.0,0,0,0,0
T,V,4.9,-2.0,-1,23.900000000000006,0.0,-0.09,0,0,2,0
V,V,0.0,0.0,0,0.0,0.0,0.0,0,0,0,0
C,C,0.0,0.0,0,0.0,0.0,0.0,0,0,0,0
G,G,0.0,0.0,0,0.0,0.0,0.0,0,0,0,0
G,H,-2.8000000000000003,80.0,-2,93.1,0.0,,0,0,2,1
G,K,-3.5,71.0,-2,108.5,0.0,0.22,0,0,9,0
G,M,2.3,74.0,-1,102.80000000000001,0.02,-0.34,0,0,6,0
G,T,-0.29999999999999993,44.0,0,55.99999999999999,0.01,-0.15,0,0,4,0
P,A,3.4000000000000004,-26.0,0,-24.10000000000001,0.02,0.25,0,0,-2,-1
P,C,4.1,6.0,1,-4.200000000000003,0.0,0.3,0,0,-2,-1
P,D,-1.9,18.0,2,-1.6000000000000085,0.01,0.19,1,2,-2,-1
P,E,-1.9,32.0,2,25.700000000000003,0.02,-0.05,1,2,0,-1
P,F,4.4,50.0,0,77.2,0.02,0.01,0,0,2,0
P,G,1.2000000000000002,-40.0,1,-52.6,0.02,0.01,0,0,-4,-1
P,I,6.1,16.0,0,53.999999999999986,0.01,0.22,0,0,4,-1
P,K,-2.3,31.0,-1,55.89999999999999,0.05,0.34,0,0,5,-1
P,L,5.4,16.0,0,53.999999999999986,0.04,0.41,0,0,4,-1
P,M,3.5,34.0,0,50.2,0.11,0.21,0,0,2,-1
P,N,-1.9,17.0,1,1.3999999999999915,0.01,0.05,1,1,-1,-1
P,P,0.0,0.0,0,0.0,0.0,0.0,0,0,0,0
P,Q,-1.9,31.0,1,31.10000000000001,0.07,0.08,1,1,1,-1
P,R,-2.9,59.0,-1,60.7,0.03,0.19,1,0,5,-1
P,S,0.8,-10.0,1,-23.700000000000003,0.03,0.12,0,1,-2,-1
P,T,0.9000000000000001,4.0,1,3.3999999999999915,0.02,0.16,0,0,0,-1
P,V,5.800000000000001,2.0,0,27.299999999999997,0.04,0.16,0,0,2,-1
P,Y,0.30000000000000004,66.0,1,80.89999999999999,0.03,0.09,0,0,2,0
K,D,0.3999999999999999,-13.0,3,-57.5,0.0,-0.2,1,2,-7,0
K,F,6.699999999999999,19.0,1,21.30000000000001,0.11,-0.22,0,0,-3,1
K,G,3.5,-71.0,2,-108.5,0.0,0.14,0,0,-9,0
K,K,0.0,0.0,0,0.0,0.0,0.0,0,0,0,0
K,L,7.699999999999999,-15.0,1,-1.9000000000000057,0.0,-0.1,0,0,-1,0
K,M,5.8,3.0,1,-5.699999999999989,0.01,0.0,0,0,-3,0
K,N,0.3999999999999999,-14.0,2,-54.5,0.02,0.18,1,1,-6,0
K,Q,0.3999999999999999,0.0,2,-24.799999999999983,0.0,0.04,1,1,-4,0
K,V,8.1,-29.0,1,-28.599999999999994,0.01,-0.1,0,0,-3,0
K,A,5.7,-57.0,1,-80.0,0.0,0.38,0,0,-7,0
K,C,6.4,-25.0,2,-60.099999999999994,0.01,0.11,0,0,-7,0
K,D,0.3999999999999999,-13.0,3,-57.5,0.03,0.0,1,2,-7,0
K,F,6.699999999999999,19.0,1,21.30000000000001,0.03,0.08,0,0,-3,1
K,G,3.5,-71.0,2,-108.5,0.03,0.22,0,0,-9,0
K,I,8.4,-15.0,1,-1.9000000000000057,0.01,0.05,0,0,-1,0
K,K,0.0,0.0,0,0.0,0.0,0.0,0,0,0,0
K,M,5.8,3.0,1,-5.699999999999989,0.03,0.0,0,0,-3,0
K,P,2.3,-31.0,1,-55.89999999999999,0.01,0.03,0,0,-5,1
K,Q,0.3999999999999999,0.0,2,-24.799999999999983,0.02,0.03,1,1,-4,0
K,S,3.0999999999999996,-41.0,2,-79.6,0.01,0.13,0,1,-7,0
K,V,8.1,-29.0,1,-28.599999999999994,0.07,-0.01,0,0,-3,0
K,W,3.0,58.0,1,59.20000000000002,0.0,0.03,0,0,-2,2
K,Y,2.5999999999999996,35.0,2,25.0,0.0,0.07,0,0,-3,1
S,A,2.6,-16.0,-1,-0.4000000000000057,0.0,0.17,0,-1,0,0
S,E,-2.7,42.0,1,49.400000000000006,0.05,0.21,1,1,2,0
S,F,3.5999999999999996,60.0,-1,100.9,0.04,-0.12,0,-1,4,1
S,H,-2.4000000000000004,50.0,-2,64.19999999999999,0.0,-0.08,0,-1,0,1
S,I,5.3,26.0,-1,77.69999999999999,0.02,0.1,0,-1,6,0
S,L,4.6,26.0,-1,77.69999999999999,0.02,-0.06,0,-1,6,0
S,M,2.7,44.0,-1,73.9,0.05,-0.08,0,-1,4,0
S,N,-2.7,27.0,0,25.099999999999994,0.08,0.06,1,0,1,0
S,P,-0.8,10.0,-1,23.700000000000003,0.02,0.0,0,-1,2,1
S,S,0.0,0.0,0,0.0,0.0,0.0,0,0,0,0
S,V,5.0,12.0,-1,51.0,0.01,0.01,0,-1,4,0
S,Y,-0.5,76.0,0,104.6,0.02,-0.12,0,-1,4,1
T,A,2.5,-30.0,-1,-27.5,0.0,-0.02,0,0,-2,0
T,E,-2.8,28.0,1,22.30000000000001,0.01,0.03,1,2,0,0
T,G,0.29999999999999993,-44.0,0,-55.99999999999999,0.01,0.08,0,0,-4,0
T,H,-2.5,36.0,-2,37.099999999999994,0.02,0.01,0,0,-2,1
T,L,4.5,12.0,-1,50.599999999999994,0.01,0.0,0,0,4,0
T,P,-0.9000000000000001,-4.0,-1,-3.3999999999999915,0.01,-0.02,0,0,0,1
T,S,-0.10000000000000009,-14.0,0,-27.099999999999994,0.01,0.02,0,1,-2,0
T,T,0.0,0.0,0,0.0,0.0,0.0,0,0,0,0
T,V,4.9,-2.0,-1,23.900000000000006,0.01,-0.06,0,0,2,0
